image_index,tissue_type,pannuke_total_nuclei,pannuke_neoplastic_nuclei,pannuke_normal_nuclei,pannuke_inflammatory_nuclei,pannuke_connective_nuclei,pannuke_dead_nuclei,pannuke_epithelial_nuclei,cellpose_nuclei,cellpose_minus_pannuke_total,cellpose_to_pannuke_ratio,all_tp_pixels,all_fp_pixels,all_fn_pixels,all_tn_pixels,all_dice,all_iou,all_precision,all_recall,neoplastic_tp_pixels,neoplastic_fp_pixels,neoplastic_fn_pixels,neoplastic_tn_pixels,neoplastic_dice,neoplastic_iou,neoplastic_precision,neoplastic_recall,normal_tp_pixels,normal_fp_pixels,normal_fn_pixels,normal_tn_pixels,normal_dice,normal_iou,normal_precision,normal_recall,inflammatory_tp_pixels,inflammatory_fp_pixels,inflammatory_fn_pixels,inflammatory_tn_pixels,inflammatory_dice,inflammatory_iou,inflammatory_precision,inflammatory_recall,connective_tp_pixels,connective_fp_pixels,connective_fn_pixels,connective_tn_pixels,connective_dice,connective_iou,connective_precision,connective_recall,dead_tp_pixels,dead_fp_pixels,dead_fn_pixels,dead_tn_pixels,dead_dice,dead_iou,dead_precision,dead_recall,epithelial_tp_pixels,epithelial_fp_pixels,epithelial_fn_pixels,epithelial_tn_pixels,epithelial_dice,epithelial_iou,epithelial_precision,epithelial_recall,pred_neoplastic_like,pred_normal_like,pred_mixed,pred_unmatched,adapted_rand_error,adapted_rand_precision,adapted_rand_recall,vi_split,vi_merge,neoplastic_object_recall_iou_0.1,neoplastic_missed_objects_iou_0.1,normal_object_recall_iou_0.1,normal_missed_objects_iou_0.1,inflammatory_object_recall_iou_0.1,inflammatory_missed_objects_iou_0.1,connective_object_recall_iou_0.1,connective_missed_objects_iou_0.1,dead_object_recall_iou_0.1,dead_missed_objects_iou_0.1,epithelial_object_recall_iou_0.1,epithelial_missed_objects_iou_0.1,neoplastic_object_recall_iou_0.25,neoplastic_missed_objects_iou_0.25,normal_object_recall_iou_0.25,normal_missed_objects_iou_0.25,inflammatory_object_recall_iou_0.25,inflammatory_missed_objects_iou_0.25,connective_object_recall_iou_0.25,connective_missed_objects_iou_0.25,dead_object_recall_iou_0.25,dead_missed_objects_iou_0.25,epithelial_object_recall_iou_0.25,epithelial_missed_objects_iou_0.25,neoplastic_object_recall_iou_0.5,neoplastic_missed_objects_iou_0.5,normal_object_recall_iou_0.5,normal_missed_objects_iou_0.5,inflammatory_object_recall_iou_0.5,inflammatory_missed_objects_iou_0.5,connective_object_recall_iou_0.5,connective_missed_objects_iou_0.5,dead_object_recall_iou_0.5,dead_missed_objects_iou_0.5,epithelial_object_recall_iou_0.5,epithelial_missed_objects_iou_0.5,mean_preds_per_gt,mean_gts_per_pred,gt_with_multiple_preds,pred_with_multiple_gts
114,Breast,31,28,3,0,3,0,0,25,-6,0.8064516129032258,13569,2426,3799,45742,0.8134160597066171,0.6855107608362708,0.848327602375212,0.7812643942878965,13047,2948,3389,46152,0.8046005365234483,0.6730808914565244,0.8156924038757013,0.7938062788994926,522,15473,410,49131,0.06167661133097319,0.03181956720510099,0.0326351984995107,0.5600858369038617,0,15995,0,49541,0.0,0.0,0.0,0.0,522,15473,410,49131,0.06167661133097319,0.03181956720510099,0.0326351984995107,0.5600858369038617,0,15995,0,49541,0.0,0.0,0.0,0.0,0,15995,0,49541,0.0,0.0,0.0,0.0,23,1,0,1,0.47653705794527146,0.7292774521391345,0.4082483179121454,0.4944957752350124,0.6507230945273808,0.8214285714285714,5,0.3333333333333333,2,,0,0.3333333333333333,2,,0,,0,0.8214285714285714,5,0.3333333333333333,2,,0,0.3333333333333333,2,,0,,0,0.75,7,0.3333333333333333,2,,0,0.3333333333333333,2,,0,,0,1.0833333333333333,1.0833333333333333,2,2
165,Breast,20,0,20,1,14,0,5,20,0,1.0,6562,443,1215,57316,0.887836557975316,0.7982968369819972,0.9367594575289983,0.8437700912937588,0,7005,0,58531,0.0,0.0,0.0,0.0,6562,443,1215,57316,0.887836557975316,0.7982968369819972,0.9367594575289983,0.8437700912937588,245,6760,22,58509,0.06738173817372473,0.034865518713483895,0.03497501784434693,0.9176029962203145,4917,2088,819,57712,0.7718389451371385,0.6284509202445956,0.7019271948598117,0.8572175732202629,0,7005,0,58531,0.0,0.0,0.0,0.0,1400,5605,374,58157,0.31894293199644724,0.18972760536632371,0.1998572448248396,0.7891770011229472,0,20,0,0,0.29113576207999803,0.7466011059288816,0.6747586392221567,0.15073695502879764,0.23478162072703562,,0,1.0,0,1.0,0,1.0,0,,0,1.0,0,,0,1.0,0,1.0,0,1.0,0,,0,1.0,0,,0,1.0,0,1.0,0,1.0,0,,0,1.0,0,1.0,1.0,0,0
176,Breast,30,0,30,0,2,0,28,33,3,1.1,11090,638,2550,51258,0.8743298643957449,0.7767194284908413,0.9456002728504898,0.8130498533718379,0,11728,0,53808,0.0,0.0,0.0,0.0,11090,638,2550,51258,0.8743298643957449,0.7767194284908413,0.9456002728504898,0.8130498533718379,0,11728,0,53808,0.0,0.0,0.0,0.0,251,11477,230,53578,0.04111720861656064,0.020990132129101027,0.021401773533406034,0.5218295218186729,0,11728,0,53808,0.0,0.0,0.0,0.0,10839,889,2320,51488,0.8710571784462285,0.7715689066053733,0.9241984993170836,0.8236948096353646,0,30,0,3,0.4497532935096248,0.6857732548367881,0.4594479061246727,0.25802262007238247,0.4376577071338493,,0,0.9,3,,0,0.5,1,,0,0.9285714285714286,2,,0,0.9,3,,0,0.5,1,,0,0.9285714285714286,2,,0,0.8333333333333334,5,,0,0.5,1,,0,0.8571428571428571,4,1.1481481481481481,1.0333333333333334,4,1
200,Breast,27,0,27,2,3,0,22,24,-3,0.8888888888888888,8257,514,2654,54111,0.8390407478910481,0.7227133479205927,0.9413977881644722,0.7567592338000579,0,8771,0,56765,0.0,0.0,0.0,0.0,8257,514,2654,54111,0.8390407478910481,0.7227133479205927,0.9413977881644722,0.7567592338000579,470,8301,160,56605,0.09998936283363473,0.05262568581339981,0.053585680082027604,0.7460317460199043,278,8493,653,56112,0.05730777159342681,0.02949915110353406,0.031695359708092924,0.29860365198390326,0,8771,0,56765,0.0,0.0,0.0,0.0,7509,1262,1841,54924,0.8287622095906247,0.7075951752726087,0.8561167483743516,0.8031016042772159,0,24,0,0,0.5275679797193158,0.7273840117484298,0.34981869448447506,0.19837485293904242,0.46089132514550446,,0,0.8888888888888888,3,1.0,0,0.3333333333333333,2,,0,0.9545454545454546,1,,0,0.8888888888888888,3,1.0,0,0.3333333333333333,2,,0,0.9545454545454546,1,,0,0.8148148148148148,5,1.0,0,0.3333333333333333,2,,0,0.8636363636363636,3,1.0833333333333333,1.0833333333333333,2,2
220,Breast,36,0,36,0,0,0,36,35,-1,0.9722222222222222,11339,728,4237,49232,0.8203885251236044,0.6954735034343134,0.9396701748562694,0.7279789419615253,0,12067,0,53469,0.0,0.0,0.0,0.0,11339,728,4237,49232,0.8203885251236044,0.6954735034343134,0.9396701748562694,0.7279789419615253,0,12067,0,53469,0.0,0.0,0.0,0.0,0,12067,0,53469,0.0,0.0,0.0,0.0,0,12067,0,53469,0.0,0.0,0.0,0.0,11339,728,4237,49232,0.8203885251236044,0.6954735034343134,0.9396701748562694,0.7279789419615253,0,33,0,2,0.6526382248175058,0.688502149294927,0.23227413724581517,0.28478773209486596,0.6710812715664426,,0,0.9166666666666666,3,,0,,0,,0,0.9166666666666666,3,,0,0.9166666666666666,3,,0,,0,,0,0.9166666666666666,3,,0,0.8333333333333334,6,,0,,0,,0,0.8333333333333334,6,1.0303030303030303,1.0303030303030303,1,1
228,Breast,40,0,40,2,7,0,31,34,-6,0.85,10494,883,4117,50042,0.8076035093116793,0.677294436555649,0.9223872725666499,0.718225994113532,0,11377,0,54159,0.0,0.0,0.0,0.0,10494,883,4117,50042,0.8076035093116793,0.677294436555649,0.9223872725666499,0.718225994113532,292,11085,141,54018,0.04944961896693526,0.02535162354573246,0.02566581699918637,0.6743648960583287,1195,10182,1018,53141,0.17586460632805306,0.0964098426784216,0.10503647710283463,0.5399909624919115,0,11377,0,54159,0.0,0.0,0.0,0.0,9012,2365,2958,51201,0.7720049685181085,0.6286710847571477,0.7921244616324231,0.7528822055131554,0,34,0,0,0.6662523691969623,0.7169414791785693,0.21749826053877547,0.29252309544167737,0.6915952235029598,,0,0.85,6,0.5,1,0.7142857142857143,2,,0,0.9032258064516129,3,,0,0.85,6,0.5,1,0.7142857142857143,2,,0,0.9032258064516129,3,,0,0.75,10,0.5,1,0.5714285714285714,3,,0,0.8064516129032258,6,1.0571428571428572,1.088235294117647,2,3
238,Breast,18,16,2,1,1,0,0,15,-3,0.8333333333333334,8511,357,2511,54157,0.8558069381594491,0.7479567624565006,0.9597428958040597,0.7721829069127452,7788,1080,2422,54246,0.8164377817376997,0.6898139946849514,0.8782138024347336,0.7627815866789786,723,8145,89,56579,0.14938016528910186,0.08071899073341439,0.08152909336932619,0.8903940886589853,445,8423,44,56624,0.09511595596869175,0.04993267504482727,0.05018042399633493,0.9100204498791407,278,8590,45,56623,0.06049396148399467,0.031190396050677447,0.03134866937299126,0.8606811145244371,0,8868,0,56668,0.0,0.0,0.0,0.0,0,8868,0,56668,0.0,0.0,0.0,0.0,13,2,0,0,0.39881705280681934,0.7379928375933479,0.5071642953485578,0.1616482104954778,0.3997869812071362,0.8125,3,1.0,0,1.0,0,1.0,0,,0,,0,0.8125,3,1.0,0,1.0,0,1.0,0,,0,,0,0.75,4,1.0,0,1.0,0,1.0,0,,0,,0,1.0,1.0,0,0
241,Breast,27,0,27,7,11,0,9,30,3,1.1111111111111112,6907,1359,1986,55284,0.8050585698462585,0.6737222005455776,0.8355915799651153,0.7766782862917162,0,8266,0,57270,0.0,0.0,0.0,0.0,6907,1359,1986,55284,0.8050585698462585,0.6737222005455776,0.8355915799651153,0.7766782862917162,1150,7116,493,56777,0.2321122212128044,0.13129352665814442,0.13912412291296983,0.699939135723068,3288,4978,704,56566,0.5364659813994644,0.3665551839460796,0.3977740140329085,0.8236472945871152,0,8266,0,57270,0.0,0.0,0.0,0.0,2469,5797,789,56481,0.4284970496351714,0.27266703478710913,0.29869344301923695,0.7578268876588158,0,25,0,5,0.5081646978365078,0.7107119320027316,0.3760300332602269,0.31122728738185773,0.37008917601399705,,0,0.9259259259259259,2,0.8571428571428571,1,1.0,0,,0,0.8888888888888888,1,,0,0.9259259259259259,2,0.8571428571428571,1,1.0,0,,0,0.8888888888888888,1,,0,0.9259259259259259,2,0.8571428571428571,1,1.0,0,,0,0.8888888888888888,1,1.0,1.0,0,0
256,Breast,7,0,7,1,6,0,0,9,2,1.2857142857142858,1854,387,770,62525,0.762178828364312,0.615742278310808,0.8273092369440995,0.7065548780460879,0,2241,0,63295,0.0,0.0,0.0,0.0,1854,387,770,62525,0.762178828364312,0.615742278310808,0.8273092369440995,0.7065548780460879,188,2053,23,63272,0.15334420880851002,0.08303886925758376,0.08389112003532401,0.8909952606212798,1666,575,747,62548,0.7159432746009542,0.5575635876822036,0.7434181169087755,0.6904268545350584,0,2241,0,63295,0.0,0.0,0.0,0.0,0,2241,0,63295,0.0,0.0,0.0,0.0,0,7,0,2,0.3794080402548796,0.6431384191698784,0.5995727780126706,0.0946266001341248,0.12819811854144858,,0,1.0,0,1.0,0,1.0,0,,0,,0,,0,1.0,0,1.0,0,1.0,0,,0,,0,,0,0.8571428571428571,1,1.0,0,0.8333333333333334,1,,0,,0,1.0,1.0,0,0
329,Breast,38,38,0,0,0,0,0,31,-7,0.8157894736842105,18396,1633,6595,38912,0.8172367836515289,0.6909555288458943,0.9184682210789762,0.7361049977989131,18396,1633,6595,38912,0.8172367836515289,0.6909555288458943,0.9184682210789762,0.7361049977989131,0,20029,0,45507,0.0,0.0,0.0,0.0,0,20029,0,45507,0.0,0.0,0.0,0.0,0,20029,0,45507,0.0,0.0,0.0,0.0,0,20029,0,45507,0.0,0.0,0.0,0.0,0,20029,0,45507,0.0,0.0,0.0,0.0,30,0,0,1,0.6132458753309837,0.7190369438027872,0.26451562465483014,0.4491415160142452,0.9742247411922489,0.7894736842105263,8,,0,,0,,0,,0,,0,0.7894736842105263,8,,0,,0,,0,,0,,0,0.7368421052631579,10,,0,,0,,0,,0,,0,1.0333333333333334,1.0333333333333334,1,1
341,Breast,8,8,0,0,0,0,0,6,-2,0.75,4812,373,1366,58985,0.8469594297273193,0.7345443443737834,0.9280617164880848,0.7788928455798335,4812,373,1366,58985,0.8469594297273193,0.7345443443737834,0.9280617164880848,0.7788928455798335,0,5185,0,60351,0.0,0.0,0.0,0.0,0,5185,0,60351,0.0,0.0,0.0,0.0,0,5185,0,60351,0.0,0.0,0.0,0.0,0,5185,0,60351,0.0,0.0,0.0,0.0,0,5185,0,60351,0.0,0.0,0.0,0.0,6,0,0,0,0.2263033892658125,0.7567517419670493,0.7914177052649324,0.10661084943462454,0.22222122113901996,0.625,3,,0,,0,,0,,0,,0,0.625,3,,0,,0,,0,,0,,0,0.5,4,,0,,0,,0,,0,,0,1.2,1.0,1,0
371,Breast,12,12,0,0,0,0,0,13,1,1.0833333333333333,15987,785,1441,47323,0.9349122807014811,0.8777796079718455,0.9531958025274545,0.9173169612113167,15987,785,1441,47323,0.9349122807014811,0.8777796079718455,0.9531958025274545,0.9173169612113167,0,16772,0,48764,0.0,0.0,0.0,0.0,0,16772,0,48764,0.0,0.0,0.0,0.0,0,16772,0,48764,0.0,0.0,0.0,0.0,0,16772,0,48764,0.0,0.0,0.0,0.0,0,16772,0,48764,0.0,0.0,0.0,0.0,13,0,0,0,0.1809903214392059,0.7456775111060081,0.9083384074089059,0.26749191701610403,0.2840697144241034,1.0,0,,0,,0,,0,,0,,0,1.0,0,,0,,0,,0,,0,,0,0.9166666666666666,1,,0,,0,,0,,0,,0,1.25,1.1538461538461537,3,1
403,Breast,21,0,21,12,9,0,0,15,-6,0.7142857142857143,5431,148,3653,56304,0.740776103116183,0.5882798960132275,0.9734719483761006,0.597864376925806,0,5579,0,59957,0.0,0.0,0.0,0.0,5431,148,3653,56304,0.740776103116183,0.5882798960132275,0.9734719483761006,0.597864376925806,3441,2138,1096,58861,0.6803084223006323,0.5155056179767558,0.6167772002139867,0.7584306810651126,1990,3589,2557,57400,0.39304760023662544,0.24459193706951254,0.35669474816211383,0.4376511985915161,0,5579,0,59957,0.0,0.0,0.0,0.0,0,5579,0,59957,0.0,0.0,0.0,0.0,0,15,0,0,0.6655122087268279,0.6914541786552899,0.2206013392689981,0.11521309534282288,0.5305345500551452,,0,0.7142857142857143,6,0.9166666666666666,1,0.4444444444444444,5,,0,,0,,0,0.7142857142857143,6,0.9166666666666666,1,0.4444444444444444,5,,0,,0,,0,0.7142857142857143,6,0.9166666666666666,1,0.4444444444444444,5,,0,,0,1.0,1.0,0,0
424,Breast,24,24,0,0,0,0,0,24,0,1.0,11877,921,3426,49312,0.8453079961564196,0.7320636094670043,0.9280356305665509,0.7761223289545996,11877,921,3426,49312,0.8453079961564196,0.7320636094670043,0.9280356305665509,0.7761223289545996,0,12798,0,52738,0.0,0.0,0.0,0.0,0,12798,0,52738,0.0,0.0,0.0,0.0,0,12798,0,52738,0.0,0.0,0.0,0.0,0,12798,0,52738,0.0,0.0,0.0,0.0,0,12798,0,52738,0.0,0.0,0.0,0.0,23,0,0,1,0.4649846568073218,0.7334537696056319,0.4210884284019635,0.2826297539403433,0.5335971029575984,0.9583333333333334,1,,0,,0,,0,,0,,0,0.9583333333333334,1,,0,,0,,0,,0,,0,0.875,3,,0,,0,,0,,0,,0,1.0,1.0,0,0
429,Breast,25,16,9,0,9,0,0,25,0,1.0,9504,2268,4430,49334,0.7394382634401543,0.5865942476233881,0.8073394495405986,0.682072628103429,6859,4913,3640,50124,0.6159579722506326,0.44504282377339405,0.5826537546716083,0.6533003143150268,2645,9127,790,52974,0.3478661142892432,0.21055564400556395,0.22468569486899023,0.7700145560385153,0,11772,0,53764,0.0,0.0,0.0,0.0,2645,9127,790,52974,0.3478661142892432,0.21055564400556395,0.22468569486899023,0.7700145560385153,0,11772,0,53764,0.0,0.0,0.0,0.0,0,11772,0,53764,0.0,0.0,0.0,0.0,14,8,0,3,0.48315805389332234,0.7610191265943986,0.39129332613168893,0.4487998534788239,0.6268999867714615,0.875,2,0.8888888888888888,1,,0,0.8888888888888888,1,,0,,0,0.8125,3,0.7777777777777778,2,,0,0.7777777777777778,2,,0,,0,0.8125,3,0.7777777777777778,2,,0,0.7777777777777778,2,,0,,0,1.0434782608695652,1.0434782608695652,1,1
470,Breast,23,15,8,3,5,0,0,15,-8,0.6521739130434783,10533,751,4585,49667,0.7978940989315969,0.6637469279723588,0.9334455866705659,0.6967191427432883,9287,1997,2861,51391,0.7926766814609113,0.6565570873095393,0.8230237504423759,0.7644879815601214,1246,10038,1724,52528,0.17482811842277618,0.09578720787200508,0.11042183622818998,0.419528619527207,430,10854,273,53979,0.07174438975550868,0.03720688760055619,0.03810705423605272,0.6116642958661214,816,10468,1451,52801,0.12043391631605015,0.06407538280324768,0.07231478199213726,0.359947066606264,0,11284,0,54252,0.0,0.0,0.0,0.0,0,11284,0,54252,0.0,0.0,0.0,0.0,10,5,0,0,0.46080156300034913,0.8630691674604926,0.3920717021411729,0.20721435182230047,0.6654851535070426,0.6666666666666666,5,0.625,3,0.6666666666666666,1,0.6,2,,0,,0,0.6666666666666666,5,0.625,3,0.6666666666666666,1,0.6,2,,0,,0,0.6666666666666666,5,0.625,3,0.6666666666666666,1,0.6,2,,0,,0,1.0666666666666667,1.0666666666666667,1,1
497,Breast,22,20,2,1,1,0,0,18,-4,0.8181818181818182,11760,288,4047,49441,0.8443726440492391,0.7306616961784835,0.9760956175290703,0.7439741886501271,11760,288,2690,50798,0.887614159558877,0.7979373049255001,0.9760956175290703,0.8138408304492637,0,12048,1357,52131,0.0,0.0,0.0,0.0,0,12048,326,53162,0.0,0.0,0.0,0.0,0,12048,1031,52457,0.0,0.0,0.0,0.0,0,12048,0,53488,0.0,0.0,0.0,0.0,0,12048,0,53488,0.0,0.0,0.0,0.0,18,0,0,0,0.44904791589420734,0.7833813824322186,0.424887839315067,0.1801277765910344,0.5816253722863591,0.9,2,0.0,2,0.0,1,0.0,1,,0,,0,0.9,2,0.0,2,0.0,1,0.0,1,,0,,0,0.9,2,0.0,2,0.0,1,0.0,1,,0,,0,1.0,1.0,0,0
507,Breast,28,26,2,2,0,0,0,25,-3,0.8928571428571429,11244,1831,3877,48584,0.7975599375795157,0.6632845681921523,0.8599617590815603,0.743601613649399,10967,2108,3083,49378,0.8086267281103009,0.6787349919540298,0.8387762906303335,0.780569395017238,277,12798,794,51667,0.03916301427962734,0.019972600764280066,0.021185468451226624,0.2586367880461379,277,12798,794,51667,0.03916301427962734,0.019972600764280066,0.021185468451226624,0.2586367880461379,0,13075,0,52461,0.0,0.0,0.0,0.0,0,13075,0,52461,0.0,0.0,0.0,0.0,0,13075,0,52461,0.0,0.0,0.0,0.0,20,1,0,4,0.5075376405525354,0.737360370744146,0.36968096641258935,0.3873147119166797,0.5908486856389934,0.7692307692307693,6,0.5,1,0.5,1,,0,,0,,0,0.7692307692307693,6,0.5,1,0.5,1,,0,,0,,0,0.6923076923076923,8,0.5,1,0.5,1,,0,,0,,0,1.0,1.0454545454545454,0,1
516,Breast,18,16,2,1,1,0,0,14,-4,0.7777777777777778,9659,496,3063,52318,0.8444289023906786,0.7307459524884772,0.9511570654840461,0.7592359691866378,9053,1102,2634,52747,0.8289533925460906,0.7078739541788194,0.891482028556483,0.7746213741757725,606,9549,429,54952,0.10831099195700776,0.057256235827610295,0.05967503692756309,0.5855072463711546,331,9824,93,55288,0.06257680310042293,0.032298985167806105,0.03259478089607819,0.7806603773400788,275,9880,336,55045,0.05108675459776046,0.026212944428532822,0.027080256031484902,0.45008183305319016,0,10155,0,55381,0.0,0.0,0.0,0.0,0,10155,0,55381,0.0,0.0,0.0,0.0,12,2,0,0,0.37477196199314855,0.817339455564266,0.5062391422850696,0.17088000588982286,0.4650661201807978,0.75,4,1.0,0,1.0,0,1.0,0,,0,,0,0.75,4,1.0,0,1.0,0,1.0,0,,0,,0,0.75,4,0.5,1,1.0,0,0.0,1,,0,,0,1.0,1.0,0,0
588,Breast,16,7,9,0,9,0,0,11,-5,0.6875,2901,308,1190,61137,0.7947945205468565,0.659468060921438,0.9040199439049423,0.709117575163263,1371,1838,433,61894,0.5469778575692261,0.37644151564970774,0.4272358990326356,0.7599778270467851,1530,1679,757,61570,0.556768558950952,0.3857791225406309,0.4767840448723067,0.668998688234941,0,3209,0,62327,0.0,0.0,0.0,0.0,1530,1679,757,61570,0.556768558950952,0.3857791225406309,0.4767840448723067,0.668998688234941,0,3209,0,62327,0.0,0.0,0.0,0.0,0,3209,0,62327,0.0,0.0,0.0,0.0,4,7,0,0,0.4374602079127101,0.705522295323025,0.4677455755089371,0.09660390181595034,0.2153048067363468,0.5714285714285714,3,0.7777777777777778,2,,0,0.7777777777777778,2,,0,,0,0.5714285714285714,3,0.7777777777777778,2,,0,0.7777777777777778,2,,0,,0,0.5714285714285714,3,0.7777777777777778,2,,0,0.7777777777777778,2,,0,,0,1.0,1.0,0,0
597,Breast,19,19,0,0,0,0,0,13,-6,0.6842105263157895,4966,481,2257,57832,0.7838989739536039,0.6446002076834831,0.9116945107381831,0.6875259587419528,4966,481,2257,57832,0.7838989739536039,0.6446002076834831,0.9116945107381831,0.6875259587419528,0,5447,0,60089,0.0,0.0,0.0,0.0,0,5447,0,60089,0.0,0.0,0.0,0.0,0,5447,0,60089,0.0,0.0,0.0,0.0,0,5447,0,60089,0.0,0.0,0.0,0.0,0,5447,0,60089,0.0,0.0,0.0,0.0,13,0,0,0,0.5231470131068472,0.739385777528301,0.3519031662692654,0.1501414096737784,0.38048259485415487,0.6842105263157895,6,,0,,0,,0,,0,,0,0.6842105263157895,6,,0,,0,,0,,0,,0,0.631578947368421,7,,0,,0,,0,,0,,0,1.2142857142857142,1.3076923076923077,3,4
635,Breast,6,0,6,4,2,0,0,3,-3,0.5,868,63,690,63915,0.6974688629943855,0.5354719309035443,0.9323308270576549,0.5571245186100313,0,931,0,64605,0.0,0.0,0.0,0.0,868,63,690,63915,0.6974688629943855,0.5354719309035443,0.9323308270576549,0.5571245186100313,412,519,401,64204,0.4724770642174744,0.3093093093069872,0.4425349086955689,0.5067650676444432,456,475,289,64316,0.544152744626825,0.37377049180021504,0.48979591836208597,0.6120805369045358,0,931,0,64605,0.0,0.0,0.0,0.0,0,931,0,64605,0.0,0.0,0.0,0.0,0,3,0,0,0.3634902865447156,0.7350351842440077,0.5612753333281241,0.023499912419084286,0.11005010849017435,,0,0.5,3,0.5,2,0.5,1,,0,,0,,0,0.5,3,0.5,2,0.5,1,,0,,0,,0,0.5,3,0.5,2,0.5,1,,0,,0,1.0,1.0,0,0
718,Breast,16,9,7,2,5,0,0,13,-3,0.8125,9144,316,3969,52107,0.8101714437598856,0.6809144389003791,0.9665961945021494,0.6973232669864277,5261,4199,1946,54130,0.6313073738521442,0.46124846571939215,0.5561310782235136,0.7299847370601776,3883,5577,2023,54053,0.5054015358580597,0.3381520508574953,0.41046511627863586,0.6574669827283145,871,8589,245,55831,0.16471255673206814,0.08974755280773854,0.09207188160666799,0.7804659498137951,3012,6448,1778,54298,0.4227368421049665,0.26801922050163013,0.31839323467196784,0.628810020875514,0,9460,0,56076,0.0,0.0,0.0,0.0,0,9460,0,56076,0.0,0.0,0.0,0.0,7,6,0,0,0.38239509667168203,0.8370862420854723,0.4893095122304982,0.14420318666378124,0.5256635953071305,0.7777777777777778,2,0.8571428571428571,1,1.0,0,0.8,1,,0,,0,0.7777777777777778,2,0.8571428571428571,1,1.0,0,0.8,1,,0,,0,0.7777777777777778,2,0.8571428571428571,1,1.0,0,0.8,1,,0,,0,1.0,1.0,0,0
764,Colon,15,0,15,10,5,0,0,11,-4,0.7333333333333333,2461,140,1977,60958,0.6992470521370944,0.5375709916982578,0.9461745482470352,0.5545290671461142,0,2601,0,62935,0.0,0.0,0.0,0.0,2461,140,1977,60958,0.6992470521370944,0.5375709916982578,0.9461745482470352,0.5545290671461142,1960,641,689,62246,0.7466666666652445,0.595744680849253,0.7535563244876834,0.7399018497518313,501,2100,1288,61647,0.22824601366690606,0.1288248907170768,0.19261822375935173,0.28004471771783096,0,2601,0,62935,0.0,0.0,0.0,0.0,0,2601,0,62935,0.0,0.0,0.0,0.0,0,11,0,0,0.6110783235206633,0.8007282149983961,0.25683433722462773,0.05697009303552096,0.2978886359103354,,0,0.7333333333333333,4,0.9,1,0.4,3,,0,,0,,0,0.7333333333333333,4,0.9,1,0.4,3,,0,,0,,0,0.7333333333333333,4,0.9,1,0.4,3,,0,,0,1.0,1.0,0,0
825,Colon,105,0,105,105,0,0,0,92,-13,0.8761904761904762,20026,1610,7132,36768,0.8208386276999589,0.6961206896549305,0.9255869846547764,0.7373886147725394,0,21636,0,43900,0.0,0.0,0.0,0.0,20026,1610,7132,36768,0.8208386276999589,0.6961206896549305,0.9255869846547764,0.7373886147725394,20026,1610,7132,36768,0.8208386276999589,0.6961206896549305,0.9255869846547764,0.7373886147725394,0,21636,0,43900,0.0,0.0,0.0,0.0,0,21636,0,43900,0.0,0.0,0.0,0.0,0,21636,0,43900,0.0,0.0,0.0,0.0,0,87,0,5,0.8254802972652464,0.6580631645203505,0.10059944047837426,0.5574083880345485,1.2009856477401288,,0,0.8285714285714286,18,0.8285714285714286,18,,0,,0,,0,,0,0.8285714285714286,18,0.8285714285714286,18,,0,,0,,0,,0,0.8095238095238095,20,0.8095238095238095,20,,0,,0,,0,1.0869565217391304,1.1494252873563218,8,12
854,Colon,21,0,21,3,18,0,0,15,-6,0.7142857142857143,5393,653,2554,56936,0.7708139784172294,0.6270930232550848,0.8919947072429838,0.6786208632179708,0,6046,0,59490,0.0,0.0,0.0,0.0,5393,653,2554,56936,0.7708139784172294,0.6270930232550848,0.8919947072429838,0.6786208632179708,772,5274,104,59386,0.2230569199650057,0.12552845528434875,0.12768772742287846,0.8812785388027251,4621,1425,2450,57040,0.7045818403593012,0.5439030131820339,0.7643069798201053,0.6535143544043933,0,6046,0,59490,0.0,0.0,0.0,0.0,0,6046,0,59490,0.0,0.0,0.0,0.0,0,13,0,2,0.536428008524064,0.7720838630816841,0.3312214202832657,0.1616268309143542,0.41054724831244643,,0,0.6190476190476191,8,1.0,0,0.5555555555555556,8,,0,,0,,0,0.6190476190476191,8,1.0,0,0.5555555555555556,8,,0,,0,,0,0.6190476190476191,8,1.0,0,0.5555555555555556,8,,0,,0,1.0,1.0769230769230769,0,1
869,Lung,28,28,0,0,0,0,0,32,4,1.1428571428571428,26704,3737,1538,33557,0.9101102533952065,0.835048000249903,0.877237935678566,0.9455421004174827,26704,3737,1538,33557,0.9101102533952065,0.835048000249903,0.877237935678566,0.9455421004174827,0,30441,0,35095,0.0,0.0,0.0,0.0,0,30441,0,35095,0.0,0.0,0.0,0.0,0,30441,0,35095,0.0,0.0,0.0,0.0,0,30441,0,35095,0.0,0.0,0.0,0.0,0,30441,0,35095,0.0,0.0,0.0,0.0,28,0,0,4,0.08941648360205523,0.8968666173061998,0.9247265115792035,0.5977113940524411,0.3397944895805479,1.0,0,,0,,0,,0,,0,,0,0.9642857142857143,1,,0,,0,,0,,0,,0,0.9642857142857143,1,,0,,0,,0,,0,,0,1.1071428571428572,1.0689655172413792,3,2
921,Prostate,24,24,0,0,0,0,0,21,-3,0.875,9139,1316,3502,51579,0.7913924489085593,0.6547968761190407,0.8741272118595177,0.7229649553035971,9139,1316,3502,51579,0.7913924489085593,0.6547968761190407,0.8741272118595177,0.7229649553035971,0,10455,0,55081,0.0,0.0,0.0,0.0,0,10455,0,55081,0.0,0.0,0.0,0.0,0,10455,0,55081,0.0,0.0,0.0,0.0,0,10455,0,55081,0.0,0.0,0.0,0.0,0,10455,0,55081,0.0,0.0,0.0,0.0,18,0,0,3,0.5150685835597453,0.7715236531614676,0.353587032878065,0.29132903498800655,0.5311629774099746,0.75,6,,0,,0,,0,,0,,0,0.75,6,,0,,0,,0,,0,,0,0.7083333333333334,7,,0,,0,,0,,0,,0,1.2777777777777777,1.15,5,3
949,Prostate,26,20,6,0,6,0,0,21,-5,0.8076923076923077,13435,999,3859,47243,0.846886031265492,0.7344339364780329,0.9307884162387897,0.77685902625143,11493,2941,3041,48061,0.793496271747862,0.6576824034331,0.796244977136763,0.7907664786013548,1942,12492,818,50284,0.2258927532858986,0.12732756359813313,0.13454343910202676,0.7036231884032478,0,14434,0,51102,0.0,0.0,0.0,0.0,1942,12492,818,50284,0.2258927532858986,0.12732756359813313,0.13454343910202676,0.7036231884032478,0,14434,0,51102,0.0,0.0,0.0,0.0,0,14434,0,51102,0.0,0.0,0.0,0.0,15,4,0,2,0.41836223149535945,0.7857626559576874,0.4616981401854793,0.2694960622037631,0.5760809171543002,0.75,5,0.6666666666666666,2,,0,0.6666666666666666,2,,0,,0,0.75,5,0.6666666666666666,2,,0,0.6666666666666666,2,,0,,0,0.75,5,0.6666666666666666,2,,0,0.6666666666666666,2,,0,,0,1.0526315789473684,1.0526315789473684,1,1
955,Kidney,57,45,12,12,0,0,0,47,-10,0.8245614035087719,5314,302,3665,56255,0.728194587186894,0.5725676112481709,0.9462250712233864,0.5918253703078384,4551,1065,3268,56652,0.6774841831033289,0.5122692480858709,0.8103632478618049,0.5820437396079012,763,4853,397,59523,0.2252066115699156,0.1268917345748763,0.13586182336158145,0.6577586206839849,763,4853,397,59523,0.2252066115699156,0.1268917345748763,0.13586182336158145,0.6577586206839849,0,5616,0,59920,0.0,0.0,0.0,0.0,0,5616,0,59920,0.0,0.0,0.0,0.0,0,5616,0,59920,0.0,0.0,0.0,0.0,33,12,0,2,0.8650088222693139,0.614081303851439,0.07583033745348595,0.15813253568468547,0.6268345312247514,0.7333333333333333,12,1.0,0,1.0,0,,0,,0,,0,0.7333333333333333,12,1.0,0,1.0,0,,0,,0,,0,0.6222222222222222,17,0.8333333333333334,2,0.8333333333333334,2,,0,,0,,0,1.0217391304347827,1.0444444444444445,1,2
960,Kidney,92,91,1,1,0,0,0,88,-4,0.9565217391304348,17811,1945,5840,39940,0.8206510470659524,0.6958509142050727,0.9015488965373043,0.7530759798736827,17811,1945,5806,39974,0.8212943536299493,0.6967764650650587,0.9015488965373043,0.7541601388826886,0,19756,34,45746,0.0,0.0,0.0,0.0,0,19756,34,45746,0.0,0.0,0.0,0.0,0,19756,0,45780,0.0,0.0,0.0,0.0,0,19756,0,45780,0.0,0.0,0.0,0.0,0,19756,0,45780,0.0,0.0,0.0,0.0,80,0,0,8,0.7815632311698274,0.6625043219130451,0.13077804224442624,0.5880722011839943,1.0160255434897378,0.8461538461538461,14,0.0,1,0.0,1,,0,,0,,0,0.8461538461538461,14,0.0,1,0.0,1,,0,,0,,0,0.7912087912087912,19,0.0,1,0.0,1,,0,,0,,0,1.1975308641975309,1.1829268292682926,13,12
972,Ovarian,14,3,11,0,11,0,0,8,-6,0.5714285714285714,3065,971,3129,58371,0.5992179863141747,0.4277739009065907,0.759415262634392,0.4948337100411772,0,4036,1333,60167,0.0,0.0,0.0,0.0,3065,971,1796,59704,0.6889962908837933,0.525548696844092,0.759415262634392,0.6305286977975098,0,4036,0,61500,0.0,0.0,0.0,0.0,3065,971,1796,59704,0.6889962908837933,0.525548696844092,0.759415262634392,0.6305286977975098,0,4036,0,61500,0.0,0.0,0.0,0.0,0,4036,0,61500,0.0,0.0,0.0,0.0,0,6,0,2,0.5564535473238894,0.857881162228882,0.29909243766264326,0.17397142917075745,0.4368903519740804,0.0,3,0.5454545454545454,5,,0,0.5454545454545454,5,,0,,0,0.0,3,0.5454545454545454,5,,0,0.5454545454545454,5,,0,,0,0.0,3,0.45454545454545453,6,,0,0.45454545454545453,6,,0,,0,1.0,1.0,0,0
1026,Lung,75,35,40,0,6,34,0,74,-1,0.9866666666666667,7987,944,2824,53781,0.8091378786339737,0.6794555508288562,0.8943007501949453,0.7387845712693194,4847,4084,1528,55077,0.6333464001041204,0.4634286260632341,0.542716381143721,0.7603137254890034,3140,5791,1296,55309,0.46981372035574936,0.30703040969951395,0.35158436905122425,0.7078449053185125,0,8931,0,56605,0.0,0.0,0.0,0.0,369,8562,308,56297,0.07681099084088591,0.0399393873795433,0.04131676184073304,0.5450516986625547,2771,6160,988,55617,0.43672182821084576,0.27936283899558484,0.31026760721049124,0.7371641393968152,0,8931,0,56605,0.0,0.0,0.0,0.0,33,30,0,11,0.7523253944965457,0.6730656489491771,0.15175952792273043,0.2794714434764786,0.5164564226125714,0.9142857142857143,3,0.75,10,,0,0.5,3,0.7941176470588235,7,,0,0.9142857142857143,3,0.75,10,,0,0.5,3,0.7941176470588235,7,,0,0.8571428571428571,5,0.7,12,,0,0.3333333333333333,4,0.7647058823529411,8,,0,1.0161290322580645,1.0,1,0
1039,Lung,49,0,49,0,1,48,0,28,-21,0.5714285714285714,1976,78,2679,60803,0.5890594723496958,0.41749418973078917,0.9620253164510126,0.42448979591745545,0,2054,0,63482,0.0,0.0,0.0,0.0,1976,78,2679,60803,0.5890594723496958,0.41749418973078917,0.9620253164510126,0.42448979591745545,0,2054,0,63482,0.0,0.0,0.0,0.0,0,2054,3,63479,0.0,0.0,0.0,0.0,1976,78,2676,60806,0.589322994332554,0.41775898519996246,0.9620253164510126,0.42476354256142573,0,2054,0,63482,0.0,0.0,0.0,0.0,0,26,0,2,0.8709964839926521,0.788434466130116,0.07024880705790436,0.05158932173910566,0.4560468758341158,,0,0.5102040816326531,24,,0,0.0,1,0.5208333333333334,23,,0,,0,0.4897959183673469,25,,0,0.0,1,0.5,24,,0,,0,0.40816326530612246,29,,0,0.0,1,0.4166666666666667,28,,0,1.04,1.0,1,0
1076,Thyroid,24,1,23,7,16,0,0,24,0,1.0,8400,2676,1488,52972,0.8013737836286962,0.6685768863413971,0.7583965330437356,0.8495145631059369,300,10776,44,54416,0.05253940455336905,0.026978417266162787,0.0270855904658477,0.8720930232304623,8100,2976,1444,53016,0.7856450048492795,0.6469648562295152,0.7313109425778879,0.8487007543997812,2023,9053,359,54101,0.3006390251149497,0.1769129864449699,0.18264716504136633,0.849286314018265,6077,4999,1085,53375,0.6664107906565049,0.49971219472041795,0.5486637775365216,0.8485060039083377,0,11076,0,54460,0.0,0.0,0.0,0.0,0,11076,0,54460,0.0,0.0,0.0,0.0,1,21,0,2,0.2597921902378254,0.8265787364248446,0.6701793766107886,0.4459650306038261,0.3220473332874475,1.0,0,0.9130434782608695,2,1.0,0,0.875,2,,0,,0,1.0,0,0.9130434782608695,2,1.0,0,0.875,2,,0,,0,1.0,0,0.8695652173913043,3,1.0,0,0.8125,3,,0,,0,1.0,1.0,0,0
1108,Thyroid,22,20,2,1,1,0,0,18,-4,0.8181818181818182,8810,304,2813,53609,0.8496889617587646,0.7386601827779503,0.9666447224040303,0.7579798675034345,8057,1057,2629,53793,0.8138383838379728,0.6861108745629855,0.8840245775719946,0.7539771663852198,753,8361,184,56238,0.14983583722997726,0.0809851580984287,0.08262014483203574,0.8036286019124479,132,8982,59,56363,0.028371843095079664,0.014390057778246602,0.014483212639878775,0.6910994764036074,621,8493,125,56297,0.12596348884368563,0.06721506656557287,0.06813693219215697,0.8324396782730236,0,9114,0,56422,0.0,0.0,0.0,0.0,0,9114,0,56422,0.0,0.0,0.0,0.0,16,2,0,0,0.3493814967768495,0.8329371022523995,0.5337810859494457,0.13208330238215346,0.4137488664354613,0.8,4,1.0,0,1.0,0,1.0,0,,0,,0,0.8,4,1.0,0,1.0,0,1.0,0,,0,,0,0.8,4,1.0,0,1.0,0,1.0,0,,0,,0,1.0,1.0555555555555556,0,1
1123,Esophagus,5,0,5,0,5,0,0,5,0,1.0,2104,251,212,62969,0.9008777563671572,0.8196338137872239,0.8934182590195608,0.9084628670081673,0,2355,0,63181,0.0,0.0,0.0,0.0,2104,251,212,62969,0.9008777563671572,0.8196338137872239,0.8934182590195608,0.9084628670081673,0,2355,0,63181,0.0,0.0,0.0,0.0,2104,251,212,62969,0.9008777563671572,0.8196338137872239,0.8934182590195608,0.9084628670081673,0,2355,0,63181,0.0,0.0,0.0,0.0,0,2355,0,63181,0.0,0.0,0.0,0.0,0,5,0,0,0.06439611273017476,0.9014951833702157,0.9723951408961063,0.053363691126072484,0.054103355481497174,,0,1.0,0,,0,1.0,0,,0,,0,,0,1.0,0,,0,1.0,0,,0,,0,,0,0.8,1,,0,0.8,1,,0,,0,1.0,1.0,0,0
1146,Esophagus,34,21,13,0,13,0,0,27,-7,0.7941176470588235,19494,2016,3184,40842,0.8823209921243591,0.7894225317887789,0.9062761506271937,0.8595996119583474,13464,8046,1153,42873,0.7453704985189069,0.5940961037812319,0.6259414225938512,0.9211192447144276,6031,15479,2039,41987,0.40777552400256667,0.2561042931758223,0.28038121803799143,0.7473358116471532,0,21510,0,44026,0.0,0.0,0.0,0.0,6031,15479,2039,41987,0.40777552400256667,0.2561042931758223,0.28038121803799143,0.7473358116471532,0,21510,0,44026,0.0,0.0,0.0,0.0,0,21510,0,44026,0.0,0.0,0.0,0.0,16,11,0,0,0.3287393317384545,0.8345129527733596,0.5614303860452655,0.44486402480546616,0.6657785212046342,0.7619047619047619,5,0.8461538461538461,2,,0,0.8461538461538461,2,,0,,0,0.7619047619047619,5,0.8461538461538461,2,,0,0.8461538461538461,2,,0,,0,0.6666666666666666,7,0.8461538461538461,2,,0,0.8461538461538461,2,,0,,0,1.032258064516129,1.1851851851851851,1,5
1152,Cervix,0,0,0,0,0,0,0,0,0,0.0,0,0,0,65536,0.0,0.0,0.0,0.0,0,0,0,65536,0.0,0.0,0.0,0.0,0,0,0,65536,0.0,0.0,0.0,0.0,0,0,0,65536,0.0,0.0,0.0,0.0,0,0,0,65536,0.0,0.0,0.0,0.0,0,0,0,65536,0.0,0.0,0.0,0.0,0,0,0,65536,0.0,0.0,0.0,0.0,0,0,0,0,,,,0.0,0.0,,0,,0,,0,,0,,0,,0,,0,,0,,0,,0,,0,,0,,0,,0,,0,,0,,0,,0,,,0,0
1153,Cervix,4,0,4,4,0,0,0,3,-1,0.75,191,453,544,64348,0.27701232777174034,0.16077441077305746,0.2965838509270717,0.2598639455746957,0,644,0,64892,0.0,0.0,0.0,0.0,191,453,544,64348,0.27701232777174034,0.16077441077305746,0.2965838509270717,0.2598639455746957,191,453,544,64348,0.27701232777174034,0.16077441077305746,0.2965838509270717,0.2598639455746957,0,644,0,64892,0.0,0.0,0.0,0.0,0,644,0,64892,0.0,0.0,0.0,0.0,0,644,0,64892,0.0,0.0,0.0,0.0,0,1,0,2,0.46624766559464503,0.828054470761272,0.3937928497777992,0.0674160589316259,0.08417185683585586,,0,0.25,3,0.25,3,,0,,0,,0,,0,0.25,3,0.25,3,,0,,0,,0,,0,0.25,3,0.25,3,,0,,0,,0,1.0,1.0,0,0
1160,Cervix,0,0,0,0,0,0,0,0,0,0.0,0,0,0,65536,0.0,0.0,0.0,0.0,0,0,0,65536,0.0,0.0,0.0,0.0,0,0,0,65536,0.0,0.0,0.0,0.0,0,0,0,65536,0.0,0.0,0.0,0.0,0,0,0,65536,0.0,0.0,0.0,0.0,0,0,0,65536,0.0,0.0,0.0,0.0,0,0,0,65536,0.0,0.0,0.0,0.0,0,0,0,0,,,,0.0,0.0,,0,,0,,0,,0,,0,,0,,0,,0,,0,,0,,0,,0,,0,,0,,0,,0,,0,,0,,,0,0
1165,Cervix,1,0,1,1,0,0,0,0,-1,0.0,0,0,167,65369,0.0,0.0,0.0,0.0,0,0,0,65536,0.0,0.0,0.0,0.0,0,0,167,65369,0.0,0.0,0.0,0.0,0,0,167,65369,0.0,0.0,0.0,0.0,0,0,0,65536,0.0,0.0,0.0,0.0,0,0,0,65536,0.0,0.0,0.0,0.0,0,0,0,65536,0.0,0.0,0.0,0.0,0,0,0,0,0.0,1.0,1.0,0.0,0.025627811016294286,,0,0.0,1,0.0,1,,0,,0,,0,,0,0.0,1,0.0,1,,0,,0,,0,,0,0.0,1,0.0,1,,0,,0,,0,,,0,0
1217,Adrenal_gland,12,10,2,2,0,0,0,9,-3,0.75,4036,93,1855,59552,0.8055888223544854,0.6744652406405841,0.9774763865319025,0.6851128840592682,3604,525,1796,59611,0.7564277468771576,0.6082700421930662,0.8728505691429576,0.6674074074061714,432,3697,59,61348,0.18701298701258223,0.10315186246393708,0.10462581738894497,0.8798370671918566,432,3697,59,61348,0.18701298701258223,0.10315186246393708,0.10462581738894497,0.8798370671918566,0,4129,0,61407,0.0,0.0,0.0,0.0,0,4129,0,61407,0.0,0.0,0.0,0.0,0,4129,0,61407,0.0,0.0,0.0,0.0,7,2,0,0,0.31381095916423307,0.910205281449603,0.5506621739158102,0.04394801892442375,0.2653582049000334,0.7,3,1.0,0,1.0,0,,0,,0,,0,0.7,3,1.0,0,1.0,0,,0,,0,,0,0.7,3,1.0,0,1.0,0,,0,,0,,0,1.0,1.0,0,0
1218,Adrenal_gland,21,19,2,0,2,0,0,14,-7,0.6666666666666666,6332,285,2533,56386,0.8179821728453571,0.6920218579227408,0.9569291219571453,0.7142695995479816,5962,655,2310,56609,0.8008596950763645,0.667861543630931,0.9010125434473311,0.7207446808501925,370,6247,223,58696,0.10263522884867873,0.0540935672513829,0.05591657850981424,0.6239460370889722,0,6617,0,58919,0.0,0.0,0.0,0.0,370,6247,223,58696,0.10263522884867873,0.0540935672513829,0.05591657850981424,0.6239460370889722,0,6617,0,58919,0.0,0.0,0.0,0.0,0,6617,0,58919,0.0,0.0,0.0,0.0,12,2,0,0,0.4495347197841103,0.7991652863220885,0.4198180304785755,0.11072133493272833,0.3974331715756915,0.631578947368421,7,1.0,0,,0,1.0,0,,0,,0,0.631578947368421,7,1.0,0,,0,1.0,0,,0,,0,0.631578947368421,7,1.0,0,,0,1.0,0,,0,,0,1.0714285714285714,1.0714285714285714,1,1
1233,Esophagus,16,6,10,2,8,0,0,15,-1,0.9375,9935,298,1770,53533,0.905734342236801,0.8277097392311691,0.970878530244336,0.8487825715498942,4718,5515,864,54439,0.596648751185206,0.42515995314010524,0.46105736343158304,0.8452167681819326,5217,5016,906,54397,0.6379310344823685,0.46835443037932634,0.509821166812753,0.8520333170000783,1001,9232,156,55147,0.1757682177347008,0.0963519106746594,0.09782077592094417,0.8651685393183651,4216,6017,750,54553,0.5547733403509739,0.38386597468780487,0.41200039089180884,0.848973016510574,0,10233,0,55303,0.0,0.0,0.0,0.0,0,10233,0,55303,0.0,0.0,0.0,0.0,6,9,0,0,0.23754707995116786,0.7728907463727034,0.7522932610794141,0.1547743802254495,0.2989887822706029,1.0,0,0.9,1,1.0,0,0.875,1,,0,,0,1.0,0,0.9,1,1.0,0,0.875,1,,0,,0,1.0,0,0.9,1,1.0,0,0.875,1,,0,,0,1.0,1.0,0,0
1252,Esophagus,21,21,0,0,0,0,0,19,-2,0.9047619047619048,18857,683,2571,43425,0.9205721538759715,0.8528334313233897,0.9650460593649104,0.8800168004476012,18857,683,2571,43425,0.9205721538759715,0.8528334313233897,0.9650460593649104,0.8800168004476012,0,19540,0,45996,0.0,0.0,0.0,0.0,0,19540,0,45996,0.0,0.0,0.0,0.0,0,19540,0,45996,0.0,0.0,0.0,0.0,0,19540,0,45996,0.0,0.0,0.0,0.0,0,19540,0,45996,0.0,0.0,0.0,0.0,19,0,0,0,0.19666407962954557,0.8243047389311682,0.783407454599521,0.2610931795962576,0.4297038683118439,0.9047619047619048,2,,0,,0,,0,,0,,0,0.9047619047619048,2,,0,,0,,0,,0,,0,0.9047619047619048,2,,0,,0,,0,,0,,0,1.0526315789473684,1.0526315789473684,1,1
1289,Pancreatic,17,0,17,0,17,0,0,14,-3,0.8235294117647058,4478,2075,2598,56385,0.6571281825514291,0.4893454267287844,0.6833511368828272,0.6328434143575002,0,6553,0,58983,0.0,0.0,0.0,0.0,4478,2075,2598,56385,0.6571281825514291,0.4893454267287844,0.6833511368828272,0.6328434143575002,0,6553,0,58983,0.0,0.0,0.0,0.0,4478,2075,2598,56385,0.6571281825514291,0.4893454267287844,0.6833511368828272,0.6328434143575002,0,6553,0,58983,0.0,0.0,0.0,0.0,0,6553,0,58983,0.0,0.0,0.0,0.0,0,12,0,2,0.5154825173802753,0.7000511212884255,0.37045942858164926,0.3311802546403863,0.38693122828203,,0,0.7058823529411765,5,,0,0.7058823529411765,5,,0,,0,,0,0.7058823529411765,5,,0,0.7058823529411765,5,,0,,0,,0,0.5882352941176471,7,,0,0.5882352941176471,7,,0,,0,1.0769230769230769,1.0769230769230769,1,1
1299,Pancreatic,15,0,15,1,14,0,0,12,-3,0.8,5944,625,2195,56772,0.8082676094636876,0.6782291191229138,0.9048561424860636,0.7303108489977512,0,6569,0,58967,0.0,0.0,0.0,0.0,5944,625,2195,56772,0.8082676094636876,0.6782291191229138,0.9048561424860636,0.7303108489977512,345,6224,38,58929,0.09925201380883307,0.052217345239818046,0.05251940934685261,0.9007832897937132,5599,970,2157,56810,0.781710296683573,0.6416456566575273,0.852336733139211,0.721892728209487,0,6569,0,58967,0.0,0.0,0.0,0.0,0,6569,0,58967,0.0,0.0,0.0,0.0,0,12,0,0,0.4164634069166777,0.751254667175672,0.4770376414176799,0.1567130401822003,0.34938082216921673,,0,0.8,3,1.0,0,0.7857142857142857,3,,0,,0,,0,0.8,3,1.0,0,0.7857142857142857,3,,0,,0,,0,0.8,3,1.0,0,0.7857142857142857,3,,0,,0,1.0,1.0,0,0
1320,Cervix,25,21,4,1,3,0,0,16,-9,0.64,14123,28,6145,45240,0.8206513844095353,0.6958513992901577,0.998021341247263,0.6968127096898081,13936,215,4001,47384,0.8686113188728283,0.7677390921106392,0.984806727439061,0.7769415175331567,187,13964,2144,49241,0.022691420944046418,0.011475912856697468,0.013214613808202096,0.08022308022273607,187,13964,124,51261,0.025860876780510397,0.01309982486864231,0.013214613808202096,0.6012861736141065,0,14151,2020,49365,0.0,0.0,0.0,0.0,0,14151,0,51385,0.0,0.0,0.0,0.0,0,14151,0,51385,0.0,0.0,0.0,0.0,15,1,0,0,0.52282432702437,0.7313068883921096,0.3541184933599858,0.18823503046664503,0.8060005208552988,0.7142857142857143,6,0.25,3,1.0,0,0.0,3,,0,,0,0.7142857142857143,6,0.25,3,1.0,0,0.0,3,,0,,0,0.7142857142857143,6,0.25,3,1.0,0,0.0,3,,0,,0,1.0,1.0,0,0
1351,Cervix,49,48,1,1,0,0,0,42,-7,0.8571428571428571,17187,1487,2665,44197,0.8922286248245621,0.8054266835368079,0.9203705687046586,0.8657565988309158,16874,1800,2592,44270,0.8848453067643197,0.7934731496281419,0.9036092963473794,0.8668447549569162,313,18361,73,46789,0.03284365162642558,0.01669600469407548,0.01676127235727923,0.8108808289945367,313,18361,73,46789,0.03284365162642558,0.01669600469407548,0.01676127235727923,0.8108808289945367,0,18674,0,46862,0.0,0.0,0.0,0.0,0,18674,0,46862,0.0,0.0,0.0,0.0,0,18674,0,46862,0.0,0.0,0.0,0.0,39,1,0,2,0.3864782758358518,0.8040944265063126,0.49597436633103653,0.3866115134364566,0.5646558306837911,0.8333333333333334,8,1.0,0,1.0,0,,0,,0,,0,0.8125,9,1.0,0,1.0,0,,0,,0,,0,0.75,12,1.0,0,1.0,0,,0,,0,,0,1.0,1.146341463414634,0,5
1409,Bile-duct,20,20,0,0,0,0,0,18,-2,0.9,7635,130,2253,55518,0.865008780376783,0.7621281692945077,0.9832582099150248,0.7721480582516462,7635,130,2253,55518,0.865008780376783,0.7621281692945077,0.9832582099150248,0.7721480582516462,0,7765,0,57771,0.0,0.0,0.0,0.0,0,7765,0,57771,0.0,0.0,0.0,0.0,0,7765,0,57771,0.0,0.0,0.0,0.0,0,7765,0,57771,0.0,0.0,0.0,0.0,0,7765,0,57771,0.0,0.0,0.0,0.0,18,0,0,0,0.4409995112411067,0.7073098597797515,0.46210573943142796,0.11992476102651338,0.3542645939053479,0.9,2,,0,,0,,0,,0,,0,0.9,2,,0,,0,,0,,0,,0,0.85,3,,0,,0,,0,,0,,0,1.0,1.0,0,0
1428,Testis,42,0,42,2,4,0,36,38,-4,0.9047619047619048,13117,2565,1861,47993,0.8556425309847177,0.747705637575815,0.8364366789944927,0.8757511016151183,0,15682,0,49854,0.0,0.0,0.0,0.0,13117,2565,1861,47993,0.8556425309847177,0.747705637575815,0.8364366789944927,0.8757511016151183,240,15442,59,49795,0.030035667354965247,0.015246807699628202,0.015304170386420542,0.8026755852574355,751,14931,232,49622,0.09012901290123604,0.04719115244435893,0.04788929983417428,0.7639877924642524,0,15682,0,49854,0.0,0.0,0.0,0.0,12126,3556,1570,48284,0.8255156920141515,0.7028750289817396,0.7732432087738978,0.8853679906535591,0,37,0,1,0.2997452086370177,0.8061337899131897,0.618959576013628,0.47521760397047447,0.4318716745739429,,0,0.8809523809523809,5,1.0,0,1.0,0,,0,0.8611111111111112,5,,0,0.8809523809523809,5,1.0,0,1.0,0,,0,0.8611111111111112,5,,0,0.7857142857142857,9,0.5,1,1.0,0,,0,0.7777777777777778,8,1.105263157894737,1.135135135135135,4,5
1436,Testis,36,0,36,4,12,0,20,32,-4,0.8888888888888888,8930,1825,1572,53209,0.8401938185064495,0.7244260566230839,0.8303114830303762,0.8503142258609309,0,10755,0,54781,0.0,0.0,0.0,0.0,8930,1825,1572,53209,0.8401938185064495,0.7244260566230839,0.8303114830303762,0.8503142258609309,959,9796,104,54677,0.16229480453531706,0.08831384105342267,0.08916782891669997,0.9021636876679007,2042,8713,1240,53541,0.29094535869467053,0.17023759899944121,0.18986517898634134,0.622181596585551,0,10755,0,54781,0.0,0.0,0.0,0.0,5929,4826,228,54553,0.7011589403969364,0.5398342893557864,0.5512784751273349,0.9629689783970067,0,30,0,2,0.2986490974585774,0.8884471187916534,0.579347357120285,0.3434076148378242,0.3436823951358741,,0,0.8055555555555556,7,1.0,0,0.6666666666666666,4,,0,0.85,3,,0,0.8055555555555556,7,1.0,0,0.6666666666666666,4,,0,0.85,3,,0,0.7777777777777778,8,1.0,0,0.6666666666666666,4,,0,0.8,4,1.096774193548387,1.1333333333333333,2,4
1487,Colon,189,0,189,104,85,0,0,108,-81,0.5714285714285714,20710,1299,10678,32849,0.7756990093074938,0.6335852173645077,0.9409786905352624,0.6598062953993055,0,22009,0,43527,0.0,0.0,0.0,0.0,20710,1299,10678,32849,0.7756990093074938,0.6335852173645077,0.9409786905352624,0.6598062953993055,15291,6718,4052,39475,0.7395531050491537,0.5867388051108604,0.6947612340403041,0.7905185338361213,5419,16590,6626,36901,0.31825923533202616,0.189243932250676,0.24621745649495833,0.4498962224985887,0,22009,0,43527,0.0,0.0,0.0,0.0,0,22009,0,43527,0.0,0.0,0.0,0.0,0,107,0,1,0.9194967971207606,0.7430631696718628,0.04255690131185884,0.48152871978013295,1.8286061993526483,,0,0.5661375661375662,82,0.7884615384615384,22,0.29411764705882354,60,,0,,0,,0,0.5661375661375662,82,0.7884615384615384,22,0.29411764705882354,60,,0,,0,,0,0.4973544973544973,95,0.7403846153846154,27,0.2,68,,0,,0,1.0437956204379562,1.3364485981308412,5,26
1639,Bile-duct,19,18,1,0,1,0,0,12,-7,0.631578947368421,9996,451,1568,53521,0.9082731361587805,0.8319600499368855,0.9568297118780924,0.8644067796602694,9996,451,1452,53637,0.9130851792642553,0.840070594166871,0.9568297118780924,0.8731656184478745,0,10447,116,54973,0.0,0.0,0.0,0.0,0,10447,0,55089,0.0,0.0,0.0,0.0,0,10447,116,54973,0.0,0.0,0.0,0.0,0,10447,0,55089,0.0,0.0,0.0,0.0,0,10447,0,55089,0.0,0.0,0.0,0.0,12,0,0,0,0.21651525946004946,0.8459426006376893,0.7296155689262105,0.14180071304859504,0.3060593585021275,0.6666666666666666,6,0.0,1,,0,0.0,1,,0,,0,0.6666666666666666,6,0.0,1,,0,0.0,1,,0,,0,0.6111111111111112,7,0.0,1,,0,0.0,1,,0,,0,1.0,1.0833333333333333,0,1
1662,Bladder,30,30,0,0,0,0,0,23,-7,0.7666666666666667,18816,144,3365,43211,0.9147079555672165,0.8428219484878643,0.9924050632906157,0.8482935845990495,18816,144,3365,43211,0.9147079555672165,0.8428219484878643,0.9924050632906157,0.8482935845990495,0,18960,0,46576,0.0,0.0,0.0,0.0,0,18960,0,46576,0.0,0.0,0.0,0.0,0,18960,0,46576,0.0,0.0,0.0,0.0,0,18960,0,46576,0.0,0.0,0.0,0.0,0,18960,0,46576,0.0,0.0,0.0,0.0,23,0,0,0,0.26252203082557035,0.8332100315506118,0.6614772287540797,0.18955082851353533,0.5244033064537736,0.7666666666666667,7,,0,,0,,0,,0,,0,0.7666666666666667,7,,0,,0,,0,,0,,0,0.7666666666666667,7,,0,,0,,0,,0,,0,1.0,1.0,0,0
1663,Bladder,12,0,12,1,11,0,0,9,-3,0.75,2082,137,961,62356,0.7913340934990662,0.6547169811300166,0.9382604776884261,0.6841932303625232,0,2219,0,63317,0.0,0.0,0.0,0.0,2082,137,961,62356,0.7913340934990662,0.6547169811300166,0.9382604776884261,0.6841932303625232,105,2114,37,63280,0.08894536213431196,0.04654255319128306,0.04731861198716846,0.7394366196662369,1977,242,924,62393,0.7722656249984917,0.6290168628678683,0.8909418657012577,0.6814891416729353,0,2219,0,63317,0.0,0.0,0.0,0.0,0,2219,0,63317,0.0,0.0,0.0,0.0,0,9,0,0,0.360378164027493,0.8339494867839599,0.5187437144546954,0.04450813307377606,0.16271613944769384,,0,0.75,3,1.0,0,0.7272727272727273,3,,0,,0,,0,0.75,3,1.0,0,0.7272727272727273,3,,0,,0,,0,0.75,3,1.0,0,0.7272727272727273,3,,0,,0,1.0,1.0,0,0
1675,Bladder,4,0,4,2,2,0,0,3,-1,0.75,609,34,125,64768,0.8845315904075198,0.7929687499896749,0.9471228615715844,0.8297002724682602,0,643,0,64893,0.0,0.0,0.0,0.0,609,34,125,64768,0.8845315904075198,0.7929687499896749,0.9471228615715844,0.8297002724682602,505,138,78,64815,0.8238172919998058,0.7004160887558888,0.7853810264263549,0.8662092624208197,104,539,47,64846,0.2619647355130735,0.150724637678975,0.16174183514522952,0.6887417218086925,0,643,0,64893,0.0,0.0,0.0,0.0,0,643,0,64893,0.0,0.0,0.0,0.0,0,3,0,0,0.15586449970628546,0.7717833147286168,0.9314565327910523,0.013365965664754884,0.026237885999877968,,0,0.75,1,1.0,0,0.5,1,,0,,0,,0,0.75,1,1.0,0,0.5,1,,0,,0,,0,0.75,1,1.0,0,0.5,1,,0,,0,1.0,1.0,0,0
1690,Breast,32,0,32,8,24,0,0,28,-4,0.875,12475,1265,2472,49324,0.8697319343253496,0.7694917345171666,0.9079330422118573,0.834615641934278,0,13740,0,51796,0.0,0.0,0.0,0.0,12475,1265,2472,49324,0.8697319343253496,0.7694917345171666,0.9079330422118573,0.834615641934278,1418,12322,387,51409,0.18243808298476522,0.10037516811771757,0.10320232896644599,0.7855955678626837,11057,2683,2085,49711,0.8226322446243499,0.6987045813581683,0.8047307132454113,0.8413483488047167,0,13740,0,51796,0.0,0.0,0.0,0.0,0,13740,0,51796,0.0,0.0,0.0,0.0,0,27,0,1,0.36496389698610276,0.7536914589623293,0.5486594079251128,0.310817118327235,0.4424690090585331,,0,0.84375,5,0.75,2,0.875,3,,0,,0,,0,0.84375,5,0.75,2,0.875,3,,0,,0,,0,0.84375,5,0.75,2,0.875,3,,0,,0,1.0,1.0740740740740742,0,2
1765,Cervix,38,0,38,2,36,0,0,34,-4,0.8947368421052632,8460,149,4526,52401,0.7835147024770625,0.6440807004182382,0.9826925310709923,0.6514708147230467,0,8609,0,56927,0.0,0.0,0.0,0.0,8460,149,4526,52401,0.7835147024770625,0.6440807004182382,0.9826925310709923,0.6514708147230467,57,8552,107,56820,0.012994414681394055,0.006539697108757985,0.006620978046222997,0.34756097558856336,8411,198,4425,52502,0.7844252739562675,0.6453122602419477,0.9770008131014322,0.6552664381422131,0,8609,0,56927,0.0,0.0,0.0,0.0,0,8609,0,56927,0.0,0.0,0.0,0.0,0,33,0,1,0.7681902905220054,0.6145044883175991,0.14284818651733944,0.18935643105678374,0.7027379496554018,,0,0.8421052631578947,6,0.5,1,0.8611111111111112,5,,0,,0,,0,0.8421052631578947,6,0.5,1,0.8611111111111112,5,,0,,0,,0,0.6578947368421053,13,0.0,2,0.6944444444444444,11,,0,,0,1.0303030303030303,1.0303030303030303,1,1
1786,Cervix,14,0,14,0,14,0,0,16,2,1.1428571428571428,6002,607,815,58112,0.8940861015932563,0.808459051723049,0.9081555454669267,0.8804459439623288,0,6609,0,58927,0.0,0.0,0.0,0.0,6002,607,815,58112,0.8940861015932563,0.808459051723049,0.9081555454669267,0.8804459439623288,0,6609,0,58927,0.0,0.0,0.0,0.0,6002,607,815,58112,0.8940861015932563,0.808459051723049,0.9081555454669267,0.8804459439623288,0,6609,0,58927,0.0,0.0,0.0,0.0,0,6609,0,58927,0.0,0.0,0.0,0.0,0,14,0,2,0.1678078775006494,0.8072637339929568,0.8587091508572118,0.15576976656741645,0.16504844120540874,,0,1.0,0,,0,1.0,0,,0,,0,,0,1.0,0,,0,1.0,0,,0,,0,,0,1.0,0,,0,1.0,0,,0,,0,1.1428571428571428,1.1428571428571428,2,2
1788,Cervix,48,47,1,1,0,0,0,49,1,1.0208333333333333,18987,1237,4210,41102,0.8745537873377227,0.7770729311611783,0.9388350474678901,0.8185110143549517,18716,1508,4136,41176,0.8689757637661647,0.7683087027911459,0.9254351265818208,0.8190092770869862,271,19953,74,45238,0.0263503330254138,0.013351069070837841,0.013399920886069323,0.7855072463540432,271,19953,74,45238,0.0263503330254138,0.013351069070837841,0.013399920886069323,0.7855072463540432,0,20224,0,45312,0.0,0.0,0.0,0.0,0,20224,0,45312,0.0,0.0,0.0,0.0,0,20224,0,45312,0.0,0.0,0.0,0.0,43,1,0,5,0.509588994090211,0.704363169714469,0.3761534169986472,0.4242146297148621,0.6829097185698957,0.8936170212765957,5,1.0,0,1.0,0,,0,,0,,0,0.8936170212765957,5,1.0,0,1.0,0,,0,,0,,0,0.8085106382978723,9,1.0,0,1.0,0,,0,,0,,0,1.0454545454545454,1.0454545454545454,2,2
1806,Cervix,67,4,63,59,4,0,0,54,-13,0.8059701492537313,13573,532,8036,43395,0.7600940807524332,0.613025608599154,0.9622828784112284,0.6281179138319088,918,13187,1764,49667,0.10937034610108454,0.05784863570479687,0.06508330379293506,0.3422818791933547,12655,1450,6272,45159,0.7662266892707781,0.6210433331694454,0.8971995746182934,0.6686215459393097,11923,2182,5975,45456,0.7451176452205277,0.5937749003981106,0.8453030840121621,0.6661638171859056,732,13373,297,51134,0.09673582661550367,0.050826274128557954,0.05189649060613123,0.7113702623837574,0,14105,0,51431,0.0,0.0,0.0,0.0,0,14105,0,51431,0.0,0.0,0.0,0.0,1,50,0,3,0.8247399300337526,0.7228970295497165,0.09971790212689442,0.3006809436475513,1.181251217821484,0.25,3,0.7936507936507936,13,0.7796610169491526,13,1.0,0,,0,,0,0.25,3,0.7777777777777778,14,0.7627118644067796,14,1.0,0,,0,,0,0.25,3,0.746031746031746,16,0.7288135593220338,16,1.0,0,,0,,0,1.1153846153846154,1.1372549019607843,6,7
1811,Cervix,29,18,11,9,2,0,0,35,6,1.206896551724138,10420,2356,2401,50359,0.8141579091296581,0.686565197337625,0.8155917345015532,0.8127291162929469,7404,5372,1483,51277,0.6835618335407452,0.5192509993684555,0.5795241077014875,0.8331270394949554,3016,9760,918,51842,0.360981448234374,0.2202424419452167,0.23606762680006568,0.7666497203844265,2265,10511,831,51929,0.28540826612885245,0.16645844050843941,0.17728553537869654,0.7315891472844587,751,12025,87,52673,0.11032760393704251,0.058384513721481464,0.05878209142136914,0.8961813842375157,0,12776,0,52760,0.0,0.0,0.0,0.0,0,12776,0,52760,0.0,0.0,0.0,0.0,17,9,0,9,0.3808083577738056,0.8070609417906599,0.502271786656456,0.43203857621673897,0.3931137745127889,0.9444444444444444,1,0.8181818181818182,2,0.7777777777777778,2,1.0,0,,0,,0,0.9444444444444444,1,0.8181818181818182,2,0.7777777777777778,2,1.0,0,,0,,0,0.8888888888888888,2,0.8181818181818182,2,0.7777777777777778,2,1.0,0,,0,,0,1.0384615384615385,1.0,1,0
1820,Cervix,49,43,6,6,0,0,0,42,-7,0.8571428571428571,18466,1175,4657,41238,0.8636236086425818,0.7599802452873652,0.9401761621093935,0.7985987977335126,17989,1652,4331,41564,0.8574152188935303,0.7504171533452567,0.9158902296212433,0.805958781361646,477,19164,326,45569,0.04666405791427966,0.023889417538927284,0.024285932488150152,0.5940224159328266,477,19164,326,45569,0.04666405791427966,0.023889417538927284,0.024285932488150152,0.5940224159328266,0,19641,0,45895,0.0,0.0,0.0,0.0,0,19641,0,45895,0.0,0.0,0.0,0.0,0,19641,0,45895,0.0,0.0,0.0,0.0,35,4,0,3,0.4835154499320071,0.8053907072763952,0.38012706659123435,0.3535987932158162,0.7278137157911208,0.813953488372093,8,0.6666666666666666,2,0.6666666666666666,2,,0,,0,,0,0.813953488372093,8,0.6666666666666666,2,0.6666666666666666,2,,0,,0,,0,0.813953488372093,8,0.6666666666666666,2,0.6666666666666666,2,,0,,0,,0,1.0256410256410255,1.0256410256410255,1,1
1844,Colon,23,0,23,2,4,0,17,21,-2,0.9130434782608695,17973,4871,9071,33621,0.7205339961512347,0.5631521228260807,0.7867711434071148,0.664583641472909,0,22844,0,42692,0.0,0.0,0.0,0.0,17973,4871,9071,33621,0.7205339961512347,0.5631521228260807,0.7867711434071148,0.664583641472909,1046,21798,216,42476,0.08678337343396383,0.04535993061576524,0.0457888285764114,0.828843106174098,2311,20533,1009,41683,0.17665494572688553,0.09688508782958248,0.10116441954119192,0.696084337347301,0,22844,0,42692,0.0,0.0,0.0,0.0,14616,8228,7846,34846,0.6452125546283837,0.47624633431069524,0.6398178952895115,0.6506989582402943,0,18,0,3,0.6222807484297583,0.6344723576809067,0.2689021283858711,0.8411473797023196,1.1651479033671193,,0,0.7391304347826086,6,0.5,1,0.75,1,,0,0.7647058823529411,4,,0,0.6956521739130435,7,0.5,1,0.75,1,,0,0.7058823529411765,5,,0,0.6086956521739131,9,0.5,1,0.75,1,,0,0.5882352941176471,7,1.25,1.25,5,4
1850,Colon,21,0,21,13,8,0,0,17,-4,0.8095238095238095,14856,296,3885,46499,0.8766411943466568,0.7803750590950358,0.9804646251313487,0.7927004962377713,0,15152,0,50384,0.0,0.0,0.0,0.0,14856,296,3885,46499,0.8766411943466568,0.7803750590950358,0.9804646251313487,0.7927004962377713,8477,6675,2830,47554,0.6407649571032009,0.471415860304487,0.559464097148522,0.7497125674354385,6379,8773,1055,49329,0.5648631895862194,0.39359536002937395,0.42100052798282667,0.8580844767273903,0,15152,0,50384,0.0,0.0,0.0,0.0,0,15152,0,50384,0.0,0.0,0.0,0.0,0,17,0,0,0.4083413045102242,0.7090298939460556,0.5076272356996606,0.2283988670433688,0.5769713562457777,,0,0.8095238095238095,4,0.8461538461538461,2,0.75,2,,0,,0,,0,0.8095238095238095,4,0.8461538461538461,2,0.75,2,,0,,0,,0,0.7619047619047619,5,0.8461538461538461,2,0.625,3,,0,,0,1.0,1.0588235294117647,0,1
1890,Colon,1,0,1,0,1,0,0,0,-1,0.0,0,0,224,65312,0.0,0.0,0.0,0.0,0,0,0,65536,0.0,0.0,0.0,0.0,0,0,224,65312,0.0,0.0,0.0,0.0,0,0,0,65536,0.0,0.0,0.0,0.0,0,0,224,65312,0.0,0.0,0.0,0.0,0,0,0,65536,0.0,0.0,0.0,0.0,0,0,0,65536,0.0,0.0,0.0,0.0,0,0,0,0,0.0,1.0,1.0,0.0,0.0329248546542075,,0,0.0,1,,0,0.0,1,,0,,0,,0,0.0,1,,0,0.0,1,,0,,0,,0,0.0,1,,0,0.0,1,,0,,0,,,0,0
1943,Colon,30,0,30,7,9,0,14,26,-4,0.8666666666666667,16772,1738,3617,43409,0.862335792693678,0.7579879784874777,0.9061048082112878,0.8226004217956631,0,18510,0,47026,0.0,0.0,0.0,0.0,16772,1738,3617,43409,0.862335792693678,0.7579879784874777,0.9061048082112878,0.8226004217956631,2547,15963,747,46279,0.23362685745724013,0.13226359245981603,0.13760129659636003,0.7732240437134996,5001,13509,1238,45788,0.4041375409105806,0.2532408345147593,0.2701782820095785,0.8015707645443155,0,18510,0,47026,0.0,0.0,0.0,0.0,9224,9286,1632,45394,0.6282094939724074,0.4579485651869437,0.49832522960534936,0.8496683861451274,0,24,0,2,0.3882470838618771,0.7582473006143351,0.5126988232649586,0.43910715681930274,0.6214491797396507,,0,0.8,6,0.5714285714285714,3,0.8888888888888888,1,,0,0.8571428571428571,2,,0,0.8,6,0.5714285714285714,3,0.8888888888888888,1,,0,0.8571428571428571,2,,0,0.7666666666666667,7,0.5714285714285714,3,0.7777777777777778,2,,0,0.8571428571428571,2,1.0833333333333333,1.0833333333333333,2,2
1949,Colon,7,0,7,0,0,0,7,2,-5,0.2857142857142857,844,3,2525,62164,0.40037950664041655,0.25029655990435856,0.9964580873554137,0.2505194419701677,0,847,0,64689,0.0,0.0,0.0,0.0,844,3,2525,62164,0.40037950664041655,0.25029655990435856,0.9964580873554137,0.2505194419701677,0,847,0,64689,0.0,0.0,0.0,0.0,0,847,0,64689,0.0,0.0,0.0,0.0,0,847,0,64689,0.0,0.0,0.0,0.0,844,3,2525,62164,0.40037950664041655,0.25029655990435856,0.9964580873554137,0.2505194419701677,0,2,0,0,0.592482632107158,0.6490578619406004,0.2969939813269164,0.027319353337161505,0.3203631351276702,,0,0.2857142857142857,5,,0,,0,,0,0.2857142857142857,5,,0,0.2857142857142857,5,,0,,0,,0,0.2857142857142857,5,,0,0.14285714285714285,6,,0,,0,,0,0.14285714285714285,6,1.0,1.0,0,0
1956,Colon,12,0,12,0,0,0,12,8,-4,0.6666666666666666,4305,2308,2356,56567,0.6486364321224585,0.47998662058146946,0.6509904733091623,0.6462993544503133,0,6613,0,58923,0.0,0.0,0.0,0.0,4305,2308,2356,56567,0.6486364321224585,0.47998662058146946,0.6509904733091623,0.6462993544503133,0,6613,0,58923,0.0,0.0,0.0,0.0,0,6613,0,58923,0.0,0.0,0.0,0.0,0,6613,0,58923,0.0,0.0,0.0,0.0,4305,2308,2356,56567,0.6486364321224585,0.47998662058146946,0.6509904733091623,0.6462993544503133,0,7,0,1,0.3320302029393326,0.8089325167192785,0.5688442981240418,0.31991614908295146,0.34868175993516537,,0,0.6666666666666666,4,,0,,0,,0,0.6666666666666666,4,,0,0.5,6,,0,,0,,0,0.5,6,,0,0.5,6,,0,,0,,0,0.5,6,1.125,1.125,1,1
1969,Colon,0,0,0,0,0,0,0,0,0,0.0,0,0,0,65536,0.0,0.0,0.0,0.0,0,0,0,65536,0.0,0.0,0.0,0.0,0,0,0,65536,0.0,0.0,0.0,0.0,0,0,0,65536,0.0,0.0,0.0,0.0,0,0,0,65536,0.0,0.0,0.0,0.0,0,0,0,65536,0.0,0.0,0.0,0.0,0,0,0,65536,0.0,0.0,0.0,0.0,0,0,0,0,,,,0.0,0.0,,0,,0,,0,,0,,0,,0,,0,,0,,0,,0,,0,,0,,0,,0,,0,,0,,0,,0,,,0,0
1979,Colon,0,0,0,0,0,0,0,0,0,0.0,0,0,0,65536,0.0,0.0,0.0,0.0,0,0,0,65536,0.0,0.0,0.0,0.0,0,0,0,65536,0.0,0.0,0.0,0.0,0,0,0,65536,0.0,0.0,0.0,0.0,0,0,0,65536,0.0,0.0,0.0,0.0,0,0,0,65536,0.0,0.0,0.0,0.0,0,0,0,65536,0.0,0.0,0.0,0.0,0,0,0,0,,,,0.0,0.0,,0,,0,,0,,0,,0,,0,,0,,0,,0,,0,,0,,0,,0,,0,,0,,0,,0,,0,,,0,0
1981,Colon,32,0,32,22,1,0,9,23,-9,0.71875,14431,772,6912,43421,0.7897444316749331,0.6525435224957483,0.9492205485753146,0.6761467460053994,0,15203,0,50333,0.0,0.0,0.0,0.0,14431,772,6912,43421,0.7897444316749331,0.6525435224957483,0.9492205485753146,0.6761467460053994,10887,4316,4112,46221,0.7209456327393149,0.5636551902663403,0.7161086627634571,0.7258483898921756,0,15203,1151,49182,0.0,0.0,0.0,0.0,0,15203,0,50333,0.0,0.0,0.0,0.0,3544,11659,1649,48684,0.34751912139618185,0.21030144789923433,0.23311188581185743,0.6824571538596526,0,23,0,0,0.6673053995909277,0.7016317382936464,0.21804210452973025,0.31914014039234284,0.9743569626773332,,0,0.71875,9,0.8181818181818182,4,0.0,1,,0,0.5555555555555556,4,,0,0.71875,9,0.8181818181818182,4,0.0,1,,0,0.5555555555555556,4,,0,0.6875,10,0.8181818181818182,4,0.0,1,,0,0.4444444444444444,5,1.0,1.0434782608695652,0,1
2017,Colon,14,0,14,3,6,0,5,11,-3,0.7857142857142857,5999,709,4475,54353,0.6982889069952867,0.5364392381288237,0.8943053070946716,0.5727515753288401,0,6708,0,58828,0.0,0.0,0.0,0.0,5999,709,4475,54353,0.6982889069952867,0.5364392381288237,0.8943053070946716,0.5727515753288401,1370,5338,407,58421,0.322922804949531,0.1925509486996591,0.2042337507450742,0.7709622960001634,2517,4191,2958,55870,0.4131987195268709,0.2603972687768876,0.3752236135951473,0.4597260273964206,0,6708,0,58828,0.0,0.0,0.0,0.0,2112,4596,1110,57718,0.4253776435041033,0.27014581734424387,0.31484794275445016,0.6554934823070904,0,10,0,1,0.6015977258744274,0.7081984218525181,0.2771604782869725,0.19014827334564524,0.5795531169464779,,0,0.7142857142857143,4,0.6666666666666666,1,0.6666666666666666,2,,0,0.8,1,,0,0.7142857142857143,4,0.6666666666666666,1,0.6666666666666666,2,,0,0.8,1,,0,0.6428571428571429,5,0.6666666666666666,1,0.5,3,,0,0.8,1,1.0,1.0,0,0
2021,Colon,8,0,8,1,7,0,0,8,0,1.0,5439,430,1676,57991,0.8378003696851218,0.7208747514900983,0.9267336854644288,0.7644413211514204,0,5869,0,59667,0.0,0.0,0.0,0.0,5439,430,1676,57991,0.8378003696851218,0.7208747514900983,0.9267336854644288,0.7644413211514204,600,5269,81,59586,0.18320610686994931,0.10084033613428431,0.10223206679144278,0.8810572687095293,4839,1030,1595,58072,0.7866374055102116,0.6483118971052407,0.824501618672986,0.7520982281617158,0,5869,0,59667,0.0,0.0,0.0,0.0,0,5869,0,59667,0.0,0.0,0.0,0.0,0,7,0,1,0.3082032956070653,0.683751923344469,0.7000330432867056,0.13963089118779767,0.25149002735583664,,0,0.875,1,1.0,0,0.8571428571428571,1,,0,,0,,0,0.875,1,1.0,0,0.8571428571428571,1,,0,,0,,0,0.875,1,1.0,0,0.8571428571428571,1,,0,,0,1.0,1.0,0,0
2028,Colon,17,0,17,0,17,0,0,12,-5,0.7058823529411765,9142,663,5241,50490,0.7559120224901786,0.6076033497270985,0.9323814380408644,0.6356114857813838,0,9805,0,55731,0.0,0.0,0.0,0.0,9142,663,5241,50490,0.7559120224901786,0.6076033497270985,0.9323814380408644,0.6356114857813838,0,9805,0,55731,0.0,0.0,0.0,0.0,9142,663,5241,50490,0.7559120224901786,0.6076033497270985,0.9323814380408644,0.6356114857813838,0,9805,0,55731,0.0,0.0,0.0,0.0,0,9805,0,55731,0.0,0.0,0.0,0.0,0,12,0,0,0.5715106421832685,0.7057760880825137,0.30762789223682724,0.22404935108036214,0.7184584393918421,,0,0.7058823529411765,5,,0,0.7058823529411765,5,,0,,0,,0,0.7058823529411765,5,,0,0.7058823529411765,5,,0,,0,,0,0.6470588235294118,6,,0,0.6470588235294118,6,,0,,0,1.0,1.0,0,0
2030,Colon,17,0,17,0,17,0,0,12,-5,0.7058823529411765,7113,1296,3333,53794,0.7544948289574359,0.6057741440975934,0.8458794149115877,0.6809304997121568,0,8409,0,57127,0.0,0.0,0.0,0.0,7113,1296,3333,53794,0.7544948289574359,0.6057741440975934,0.8458794149115877,0.6809304997121568,0,8409,0,57127,0.0,0.0,0.0,0.0,7113,1296,3333,53794,0.7544948289574359,0.6057741440975934,0.8458794149115877,0.6809304997121568,0,8409,0,57127,0.0,0.0,0.0,0.0,0,8409,0,57127,0.0,0.0,0.0,0.0,0,11,0,1,0.4628780197943557,0.7947127645161646,0.4056412184940069,0.2532525555356372,0.4968696865497491,,0,0.6470588235294118,6,,0,0.6470588235294118,6,,0,,0,,0,0.6470588235294118,6,,0,0.6470588235294118,6,,0,,0,,0,0.6470588235294118,6,,0,0.6470588235294118,6,,0,,0,1.0,1.0,0,0
2090,Esophagus,21,0,21,5,16,0,0,20,-1,0.9523809523809523,7717,660,3360,53799,0.7933586922993763,0.6574933969492566,0.9212128446927047,0.6966687731328909,0,8377,0,57159,0.0,0.0,0.0,0.0,7717,660,3360,53799,0.7933586922993763,0.6574933969492566,0.9212128446927047,0.6966687731328909,1504,6873,280,56879,0.2960338549352465,0.17373223980573668,0.17953921451572216,0.8430493273495345,6213,2164,3080,54079,0.7032258064512149,0.542288557213457,0.7416736301769825,0.6685677391577869,0,8377,0,57159,0.0,0.0,0.0,0.0,0,8377,0,57159,0.0,0.0,0.0,0.0,0,17,0,3,0.4888004706663207,0.7859846578549511,0.37877680182761114,0.19151218215213425,0.4831055926423018,,0,0.8095238095238095,4,1.0,0,0.75,4,,0,,0,,0,0.8095238095238095,4,1.0,0,0.75,4,,0,,0,,0,0.8095238095238095,4,1.0,0,0.75,4,,0,,0,1.0588235294117647,1.0588235294117647,1,1
2126,HeadNeck,9,0,9,1,8,0,0,7,-2,0.7777777777777778,1225,205,692,63414,0.7319988048977234,0.5772855796391269,0.8566433566373662,0.6390193009877986,0,1430,0,64106,0.0,0.0,0.0,0.0,1225,205,692,63414,0.7319988048977234,0.5772855796391269,0.8566433566373662,0.6390193009877986,156,1274,16,64090,0.19475655430590041,0.10788381742663981,0.10909090909014622,0.9069767441333153,1069,361,676,63430,0.6733858267695326,0.507597340928264,0.74755244754722,0.6126074498532229,0,1430,0,64106,0.0,0.0,0.0,0.0,0,1430,0,64106,0.0,0.0,0.0,0.0,0,6,0,1,0.4163083308702713,0.7366445128089941,0.483334693050442,0.04802412976221119,0.11603828940261163,,0,0.6666666666666666,3,1.0,0,0.625,3,,0,,0,,0,0.6666666666666666,3,1.0,0,0.625,3,,0,,0,,0,0.6666666666666666,3,1.0,0,0.625,3,,0,,0,1.0,1.0,0,0
2131,HeadNeck,0,0,0,0,0,0,0,17,17,17.0,0,946,0,64590,0.0,0.0,0.0,0.0,0,946,0,64590,0.0,0.0,0.0,0.0,0,946,0,64590,0.0,0.0,0.0,0.0,0,946,0,64590,0.0,0.0,0.0,0.0,0,946,0,64590,0.0,0.0,0.0,0.0,0,946,0,64590,0.0,0.0,0.0,0.0,0,946,0,64590,0.0,0.0,0.0,0.0,0,0,0,17,,,,0.16639541911425396,0.0,,0,,0,,0,,0,,0,,0,,0,,0,,0,,0,,0,,0,,0,,0,,0,,0,,0,,0,,,0,0
2146,HeadNeck,11,0,11,0,8,0,3,7,-4,0.6363636363636364,2934,68,1928,60606,0.7461851475066809,0.5951318458405779,0.9773484343738263,0.6034553681600093,0,3002,0,62534,0.0,0.0,0.0,0.0,2934,68,1928,60606,0.7461851475066809,0.5951318458405779,0.9773484343738263,0.6034553681600093,0,3002,0,62534,0.0,0.0,0.0,0.0,1333,1669,1623,60911,0.4474655924799472,0.28821621621559307,0.44403730845954686,0.45094722597952996,0,3002,0,62534,0.0,0.0,0.0,0.0,1601,1401,305,62229,0.6524042379774808,0.484124584213837,0.5333111259142794,0.8399790136367263,0,7,0,0,0.4529134700110111,0.7911261031342698,0.41811126901251244,0.04944317227478348,0.27898134080926507,,0,0.6363636363636364,4,,0,0.5,4,,0,1.0,0,,0,0.6363636363636364,4,,0,0.5,4,,0,1.0,0,,0,0.6363636363636364,4,,0,0.5,4,,0,1.0,0,1.0,1.0,0,0
2162,HeadNeck,32,29,3,3,0,0,0,32,0,1.0,11235,1567,2177,50557,0.8571755550465945,0.7500500700976366,0.8775972504289348,0.8376826722331958,10771,2031,2092,50642,0.8393532047532284,0.7231771183021867,0.8413529136065916,0.8373629790866536,464,12338,85,52649,0.06950790202975843,0.03600527663534103,0.03624433682234319,0.8451730418789586,464,12338,85,52649,0.06950790202975843,0.03600527663534103,0.03624433682234319,0.8451730418789586,0,12802,0,52734,0.0,0.0,0.0,0.0,0,12802,0,52734,0.0,0.0,0.0,0.0,0,12802,0,52734,0.0,0.0,0.0,0.0,26,3,0,3,0.3257987176138214,0.8278165690208621,0.5686742173674401,0.3156806489814618,0.37246534881279264,0.896551724137931,3,1.0,0,1.0,0,,0,,0,,0,0.896551724137931,3,1.0,0,1.0,0,,0,,0,,0,0.896551724137931,3,1.0,0,1.0,0,,0,,0,,0,1.0,1.0,0,0
2198,Liver,16,13,3,0,3,0,0,10,-6,0.625,8932,618,2736,53250,0.8419266660378726,0.7270063486889736,0.9352879581142038,0.7655125128550175,8932,618,1984,54002,0.8728623082180822,0.7744061036927566,0.9352879581142038,0.8182484426522368,0,9550,752,55234,0.0,0.0,0.0,0.0,0,9550,0,55986,0.0,0.0,0.0,0.0,0,9550,752,55234,0.0,0.0,0.0,0.0,0,9550,0,55986,0.0,0.0,0.0,0.0,0,9550,0,55986,0.0,0.0,0.0,0.0,10,0,0,0,0.3694736174634419,0.7987911552468274,0.520816721101083,0.17931428523912266,0.46091912563809523,0.7692307692307693,3,0.0,3,,0,0.0,3,,0,,0,0.7692307692307693,3,0.0,3,,0,0.0,3,,0,,0,0.7692307692307693,3,0.0,3,,0,0.0,3,,0,,0,1.0,1.1,0,1
2199,Liver,14,13,1,0,1,0,0,12,-2,0.8571428571428571,10534,1283,2536,51183,0.8465463896810196,0.7339232216256295,0.891427604298137,0.8059678653398576,10525,1292,2017,51702,0.8641569850975557,0.7608067081099025,0.8906659896751369,0.8391803540098555,11,11806,519,53200,0.001781809346398492,0.0008916990920874743,0.0009308623170001431,0.020754716980740478,0,11817,0,53719,0.0,0.0,0.0,0.0,11,11806,519,53200,0.001781809346398492,0.0008916990920874743,0.0009308623170001431,0.020754716980740478,0,11817,0,53719,0.0,0.0,0.0,0.0,0,11817,0,53719,0.0,0.0,0.0,0.0,11,0,0,1,0.23445092741677132,0.8626786366319219,0.688077919882968,0.23764461651174484,0.3894009904373618,0.8461538461538461,2,0.0,1,,0,0.0,1,,0,,0,0.8461538461538461,2,0.0,1,,0,0.0,1,,0,,0,0.8461538461538461,2,0.0,1,,0,0.0,1,,0,,0,1.0,1.0,0,0
2202,Liver,0,0,0,0,0,0,0,0,0,0.0,0,0,0,65536,0.0,0.0,0.0,0.0,0,0,0,65536,0.0,0.0,0.0,0.0,0,0,0,65536,0.0,0.0,0.0,0.0,0,0,0,65536,0.0,0.0,0.0,0.0,0,0,0,65536,0.0,0.0,0.0,0.0,0,0,0,65536,0.0,0.0,0.0,0.0,0,0,0,65536,0.0,0.0,0.0,0.0,0,0,0,0,,,,0.0,0.0,,0,,0,,0,,0,,0,,0,,0,,0,,0,,0,,0,,0,,0,,0,,0,,0,,0,,0,,,0,0
2225,Liver,24,24,0,0,0,0,0,21,-3,0.875,11983,659,3352,49542,0.8566322336201677,0.7492184569208771,0.947872172123914,0.781415063579536,11983,659,3352,49542,0.8566322336201677,0.7492184569208771,0.947872172123914,0.781415063579536,0,12642,0,52894,0.0,0.0,0.0,0.0,0,12642,0,52894,0.0,0.0,0.0,0.0,0,12642,0,52894,0.0,0.0,0.0,0.0,0,12642,0,52894,0.0,0.0,0.0,0.0,0,12642,0,52894,0.0,0.0,0.0,0.0,19,0,0,2,0.401298146649016,0.7622762961778847,0.4929263563344894,0.2153781273167873,0.49250281898981185,0.7916666666666666,5,,0,,0,,0,,0,,0,0.7916666666666666,5,,0,,0,,0,,0,,0,0.7916666666666666,5,,0,,0,,0,,0,,0,1.0,1.0,0,0
2229,Liver,13,0,13,1,12,0,0,13,0,1.0,4252,568,189,60527,0.9182593672379674,0.8488720303436836,0.8821576763467175,0.9574420175614559,0,4820,0,60716,0.0,0.0,0.0,0.0,4252,568,189,60527,0.9182593672379674,0.8488720303436836,0.8821576763467175,0.9574420175614559,101,4719,3,60713,0.04102355808277615,0.020941322828071863,0.020954356846429555,0.9711538460604661,4151,669,186,60530,0.9066288085607659,0.8292049540534774,0.861203319500288,0.9571132118954182,0,4820,0,60716,0.0,0.0,0.0,0.0,0,4820,0,60716,0.0,0.0,0.0,0.0,0,12,0,1,0.14153689047740614,0.9183993435779187,0.8058706790350083,0.1126810422596082,0.07425440883680291,,0,0.9230769230769231,1,1.0,0,0.9166666666666666,1,,0,,0,,0,0.9230769230769231,1,1.0,0,0.9166666666666666,1,,0,,0,,0,0.8461538461538461,2,0.0,1,0.9166666666666666,1,,0,,0,1.0,1.0833333333333333,0,1
2300,Ovarian,16,2,14,6,8,0,0,16,0,1.0,6334,608,1107,57487,0.8807620107064723,0.7869300534218078,0.9124171708428228,0.8512296734298465,2324,4618,245,58349,0.4886972978651154,0.3233616251560827,0.3347738403913357,0.9046321525850346,4010,2932,862,57732,0.6788555950561377,0.5138390568932422,0.5776433304514871,0.8230706075516768,1849,5093,280,58314,0.40767280343908313,0.25602326225386873,0.2663497551134164,0.8684828557967662,2161,4781,582,58012,0.44625709860563106,0.2872142477401818,0.3112935753380707,0.7878235508538541,0,6942,0,58594,0.0,0.0,0.0,0.0,0,6942,0,58594,0.0,0.0,0.0,0.0,2,13,0,1,0.2039887443383167,0.7933779831149517,0.7986620664207172,0.15769711466182204,0.2031385021095363,1.0,0,0.9285714285714286,1,1.0,0,0.875,1,,0,,0,1.0,0,0.9285714285714286,1,1.0,0,0.875,1,,0,,0,1.0,0,0.9285714285714286,1,1.0,0,0.875,1,,0,,0,1.0666666666666667,1.0666666666666667,1,1
2325,Pancreatic,29,8,21,1,20,0,0,29,0,1.0,12206,483,2766,50081,0.882542207439759,0.7897767712709222,0.9619355347143494,0.8152551429329312,4858,7831,858,51989,0.527900027166244,0.35860338082205756,0.3828512885173119,0.849895031489066,7348,5341,1908,50939,0.669674185463354,0.503391107761524,0.5790842461970375,0.793863439929998,0,12689,128,52719,0.0,0.0,0.0,0.0,7348,5341,1780,51067,0.6736031535038394,0.5078443569006097,0.5790842461970375,0.8049956178781715,0,12689,0,52847,0.0,0.0,0.0,0.0,0,12689,0,52847,0.0,0.0,0.0,0.0,8,19,0,2,0.393844935804896,0.7738622296775362,0.4981900557936664,0.2131820272651705,0.45213310284117414,1.0,0,0.9047619047619048,2,0.0,1,0.95,1,,0,,0,1.0,0,0.9047619047619048,2,0.0,1,0.95,1,,0,,0,1.0,0,0.9047619047619048,2,0.0,1,0.95,1,,0,,0,1.0,1.0,0,0
2375,Prostate,20,0,20,0,13,0,7,12,-8,0.6,4418,587,3853,56678,0.6655619162393299,0.4987581846912409,0.8827172827155191,0.5341554830122909,0,5005,0,60531,0.0,0.0,0.0,0.0,4418,587,3853,56678,0.6655619162393299,0.4987581846912409,0.8827172827155191,0.5341554830122909,0,5005,0,60531,0.0,0.0,0.0,0.0,1488,3517,2952,57579,0.3150873478027368,0.18700515269550458,0.2973026973021033,0.3351351351343803,0,5005,0,60531,0.0,0.0,0.0,0.0,2930,2075,901,59630,0.6631960162962164,0.49610565526499134,0.5854145854134157,0.7648133646547512,0,10,0,2,0.6814763470680874,0.7708546626547822,0.20073440081351016,0.1438617201078636,0.5519729610322384,,0,0.5,10,,0,0.38461538461538464,8,,0,0.7142857142857143,2,,0,0.5,10,,0,0.38461538461538464,8,,0,0.7142857142857143,2,,0,0.45,11,,0,0.3076923076923077,9,,0,0.7142857142857143,2,1.0,1.0,0,0
2380,Prostate,7,0,7,0,7,0,0,7,0,1.0,1153,750,87,63546,0.7336939230011655,0.5793969849217117,0.6058854440325493,0.9298387096699208,0,1903,0,63633,0.0,0.0,0.0,0.0,1153,750,87,63546,0.7336939230011655,0.5793969849217117,0.6058854440325493,0.9298387096699208,0,1903,0,63633,0.0,0.0,0.0,0.0,1153,750,87,63546,0.7336939230011655,0.5793969849217117,0.6058854440325493,0.9298387096699208,0,1903,0,63633,0.0,0.0,0.0,0.0,0,1903,0,63633,0.0,0.0,0.0,0.0,0,6,0,1,0.17939750862050874,0.8912624014342363,0.7603235088265028,0.11288687570352822,0.04102044183012845,,0,0.8571428571428571,1,,0,0.8571428571428571,1,,0,,0,,0,0.8571428571428571,1,,0,0.8571428571428571,1,,0,,0,,0,0.7142857142857143,2,,0,0.7142857142857143,2,,0,,0,1.0,1.1666666666666667,0,1
2391,Prostate,24,18,6,0,6,0,0,15,-9,0.625,8095,506,3494,53441,0.8018821198609203,0.6692848284409514,0.9411696314371105,0.6985072051076896,7071,1530,2303,54632,0.7867593880385052,0.6484776228900876,0.8221137077074501,0.7543204608483525,1024,7577,1191,55744,0.18934911242586042,0.10457516339858601,0.11905592372966042,0.4623024830678903,0,8601,0,56935,0.0,0.0,0.0,0.0,1024,7577,1191,55744,0.18934911242586042,0.10457516339858601,0.11905592372966042,0.4623024830678903,0,8601,0,56935,0.0,0.0,0.0,0.0,0,8601,0,56935,0.0,0.0,0.0,0.0,12,3,0,0,0.46960393533590816,0.8389588024195489,0.3877752457272088,0.15354359991273048,0.5162038276825864,0.6666666666666666,6,0.5,3,,0,0.5,3,,0,,0,0.6666666666666666,6,0.5,3,,0,0.5,3,,0,,0,0.6666666666666666,6,0.3333333333333333,4,,0,0.3333333333333333,4,,0,,0,1.1176470588235294,1.2666666666666666,2,4
2414,Skin,96,38,58,58,0,0,0,96,0,1.0,23806,2167,9035,30528,0.8095351446933028,0.6800159963434986,0.916567204404221,0.724886574708223,9155,16818,4175,35388,0.4658677454646043,0.30366856839581274,0.35248142301607344,0.6867966991742784,14664,11309,4862,34701,0.6445855952876669,0.47556348305481577,0.5645863011586784,0.7509986684416926,14664,11309,4862,34701,0.6445855952876669,0.47556348305481577,0.5645863011586784,0.7509986684416926,0,25973,0,39563,0.0,0.0,0.0,0.0,0,25973,0,39563,0.0,0.0,0.0,0.0,0,25973,0,39563,0.0,0.0,0.0,0.0,29,59,0,8,0.8079846550411118,0.636784033537218,0.11305256171404485,0.7226390878989726,1.374810726854446,0.7894736842105263,8,0.8793103448275862,7,0.8793103448275862,7,,0,,0,,0,0.7631578947368421,9,0.8793103448275862,7,0.8793103448275862,7,,0,,0,,0,0.6842105263157895,12,0.7068965517241379,17,0.7068965517241379,17,,0,,0,,0,1.1566265060240963,1.0434782608695652,13,4
2479,Stomach,40,26,14,12,1,1,0,36,-4,0.9,11433,411,3068,50624,0.8679445815141894,0.7666979613728764,0.9652988855108364,0.7884283842488183,8553,3291,2459,51233,0.7484249212457348,0.5979864364115234,0.7221377912861177,0.776698147474776,2880,8964,609,53083,0.3756603404419385,0.23126957359653796,0.24316109422471868,0.8254514187422601,2880,8964,451,53241,0.37957166392067243,0.2342415616102202,0.24316109422471868,0.864605223653964,0,11844,2,53690,0.0,0.0,0.0,0.0,0,11844,156,53536,0.0,0.0,0.0,0.0,0,11844,0,53692,0.0,0.0,0.0,0.0,22,12,0,2,0.49835620082232546,0.7642522798771061,0.3733538488631101,0.19268750395321174,0.49918018141591664,0.8461538461538461,4,0.8571428571428571,2,1.0,0,0.0,1,0.0,1,,0,0.8461538461538461,4,0.8571428571428571,2,1.0,0,0.0,1,0.0,1,,0,0.8076923076923077,5,0.8571428571428571,2,1.0,0,0.0,1,0.0,1,,0,1.0,1.0,0,0
2505,Stomach,32,18,14,8,5,1,0,27,-5,0.84375,13144,639,4499,47254,0.8365048049383197,0.71895853845273,0.953638540230027,0.7449980162099727,9425,4358,3115,48638,0.7161037875619359,0.5577583145931129,0.6838133933101038,0.7515948963311391,3719,10064,1384,50369,0.3938367044369407,0.2452034021228686,0.2698251469199232,0.7287869880448191,2381,11402,377,51376,0.28789069584650995,0.16814971751400554,0.17274903867070104,0.8633067440142738,1075,12708,948,50805,0.13602429457159557,0.0729753580883355,0.07799463106720017,0.5313890261960881,263,13520,59,51694,0.03729174051752053,0.019000144487777055,0.019081477182021998,0.8167701863100382,0,13783,0,51753,0.0,0.0,0.0,0.0,13,13,0,1,0.49110008966245833,0.7707301529328294,0.37985623642029,0.253161303660506,0.6749481300991026,0.7222222222222222,5,0.9285714285714286,1,1.0,0,0.8,1,1.0,0,,0,0.7222222222222222,5,0.9285714285714286,1,1.0,0,0.8,1,1.0,0,,0,0.6666666666666666,6,0.7857142857142857,3,1.0,0,0.4,3,1.0,0,,0,1.0,1.0,0,0
2525,Testis,90,9,81,81,0,0,0,84,-6,0.9333333333333333,16930,689,5460,42457,0.846309580344211,0.7335673122749107,0.9608944889034786,0.7561411344346779,1728,15891,1293,46624,0.16744186046503515,0.0913705583755862,0.09807594074573013,0.571996027803469,15202,2417,4167,43750,0.8219963231316044,0.6977875699987617,0.8628185481577485,0.7848624090036734,15202,2417,4167,43750,0.8219963231316044,0.6977875699987617,0.8628185481577485,0.7848624090036734,0,17619,0,47917,0.0,0.0,0.0,0.0,0,17619,0,47917,0.0,0.0,0.0,0.0,0,17619,0,47917,0.0,0.0,0.0,0.0,6,75,0,3,0.7694875265625557,0.7126858543973947,0.13749149206842748,0.3300566317700938,0.8919604622089352,0.6666666666666666,3,0.9259259259259259,6,0.9259259259259259,6,,0,,0,,0,0.6666666666666666,3,0.9259259259259259,6,0.9259259259259259,6,,0,,0,,0,0.6666666666666666,3,0.9135802469135802,7,0.9135802469135802,7,,0,,0,,0,1.0246913580246915,1.0121951219512195,2,1
2534,Testis,26,19,7,2,5,0,0,22,-4,0.8461538461538461,13028,2681,2299,47528,0.8395411779865835,0.7234562416699669,0.8293335030868741,0.8500032622164481,11029,4680,2050,47777,0.7662220369595782,0.6210372205638712,0.7020816092681252,0.8432601880871295,1999,13710,249,49578,0.22264298045318112,0.125266324100686,0.12725189381874896,0.8892348754408842,912,14797,23,49804,0.10958904109582457,0.05797101449271677,0.05805589152711308,0.9754010695082844,1087,14622,226,49601,0.12771707202436391,0.06821462190143193,0.06919600229163587,0.8278750951955227,0,15709,0,49827,0.0,0.0,0.0,0.0,0,15709,0,49827,0.0,0.0,0.0,0.0,14,6,0,2,0.22392135783893174,0.866380700247398,0.7028239524392099,0.4204294835948019,0.4150718596979739,0.7368421052631579,5,0.8571428571428571,1,1.0,0,0.8,1,,0,,0,0.6842105263157895,6,0.8571428571428571,1,1.0,0,0.8,1,,0,,0,0.6842105263157895,6,0.8571428571428571,1,1.0,0,0.8,1,,0,,0,1.0,1.05,0,1
2602,Colon,55,46,9,2,7,0,0,22,-33,0.4,11736,1945,12676,39179,0.6161762003516089,0.4452707060741187,0.8578320298217543,0.48074717352102214,10404,3277,10916,40939,0.5944973000769709,0.4229784120012916,0.7604707258235798,0.4879924953093396,1332,12349,1760,50095,0.15882668574485254,0.08626384301529287,0.09736130399817457,0.43078913324569607,532,13149,29,51826,0.07470860834147261,0.03880379285190459,0.038886046341613266,0.948306595348515,800,12881,1731,50124,0.0986923266715404,0.051907604464020304,0.0584752576565613,0.31608060055189224,0,13681,0,51855,0.0,0.0,0.0,0.0,0,13681,0,51855,0.0,0.0,0.0,0.0,17,5,0,0,0.8712481512468881,0.7931613003627289,0.07006245401325197,0.4482353699037076,1.817535388226921,0.3695652173913043,29,0.5555555555555556,4,1.0,0,0.42857142857142855,4,,0,,0,0.34782608695652173,30,0.5555555555555556,4,1.0,0,0.42857142857142855,4,,0,,0,0.30434782608695654,32,0.4444444444444444,5,1.0,0,0.2857142857142857,5,,0,,0,1.25,1.8181818181818181,8,11
2635,Colon,49,34,15,2,13,0,0,20,-29,0.40816326530612246,8509,649,9231,47147,0.6326864450886189,0.4627222796234364,0.9291329984702673,0.47965050732780173,7790,1368,7409,48969,0.6396518454651067,0.47021186696416356,0.8506224066380752,0.5125337193233025,719,8439,1822,54556,0.12291648858866319,0.06548269581050502,0.07851059183219206,0.28295946477653305,120,9038,130,56248,0.025510204081605536,0.012919896640812962,0.01310329766323094,0.4799999999808,599,8559,1692,54686,0.10463795964703936,0.055207373271838514,0.06540729416896111,0.2614578786544677,0,9158,0,56378,0.0,0.0,0.0,0.0,0,9158,0,56378,0.0,0.0,0.0,0.0,16,4,0,0,0.837262841813369,0.808947669863139,0.09046840857942665,0.19521155809631907,1.3011792270587508,0.47058823529411764,18,0.26666666666666666,11,0.5,1,0.23076923076923078,10,,0,,0,0.47058823529411764,18,0.26666666666666666,11,0.5,1,0.23076923076923078,10,,0,,0,0.4411764705882353,19,0.26666666666666666,11,0.5,1,0.23076923076923078,10,,0,,0,1.0,1.2,0,4
